"Dataset","Series Key","Series","Observation Date","Observation Value","Unit","Observation Status","Observation Status Comment"
"Bank Floating Month End Exchange Rates  (USD per National Currency)","TS_GP_ER_FMEERUSD_M.E00250","Month End USD per PKR","31-Aug-2026",".003600082","USD","Normal",""
"Bank Floating Month End Exchange Rates  (USD per National Currency)","TS_GP_ER_FMEERUSD_M.E00250","Month End USD per PKR","31-Jul-2026",".003595944","USD","Normal",""
"Bank Floating Month End Exchange Rates  (USD per National Currency)","TS_GP_ER_FMEERUSD_M.E00250","Month End USD per PKR","30-Jun-2026",".00359147","USD","Normal",""
"Bank Floating Month End Exchange Rates  (USD per National Currency)","TS_GP_ER_FMEERUSD_M.E00250","Month End USD per PKR","31-May-2026",".003588111","USD","Normal",""
"Bank Floating Month End Exchange Rates  (USD per National Currency)","TS_GP_ER_FMEERUSD_M.E00250","Month End USD per PKR","30-Apr-2026",".003584344","USD","Normal",""
"Bank Floating Month End Exchange Rates  (USD per National Currency)","TS_GP_ER_FMEERUSD_M.E00250","Month End USD per PKR","31-Mar-2026",".003579368","USD","Normal",""
"Bank Floating Month End Exchange Rates  (USD per National Currency)","TS_GP_ER_FMEERUSD_M.E00250","Month End USD per PKR","28-Feb-2026",".003575637","USD","Normal",""
"Bank Floating Month End Exchange Rates  (USD per National Currency)","TS_GP_ER_FMEERUSD_M.E00250","Month End USD per PKR","31-Jan-2026",".003571966","USD","Normal",""
"Bank Floating Month End Exchange Rates  (USD per National Currency)","TS_GP_ER_FMEERUSD_M.E00250","Month End USD per PKR","31-Dec-2025",".003567165","USD","Normal",""
"Bank Floating Month End Exchange Rates  (USD per National Currency)","TS_GP_ER_FMEERUSD_M.E00250","Month End USD per PKR","30-Nov-2025",".003563384","USD","Normal",""
"Bank Floating Month End Exchange Rates  (USD per National Currency)","TS_GP_ER_FMEERUSD_M.E00250","Month End USD per PKR","31-Oct-2025",".003558353","USD","Normal",""
"Bank Floating Month End Exchange Rates  (USD per National Currency)","TS_GP_ER_FMEERUSD_M.E00250","Month End USD per PKR","30-Sep-2025",".003552533","USD","Normal",""
"Bank Floating Month End Exchange Rates  (USD per National Currency)","TS_GP_ER_FMEERUSD_M.E00250","Month End USD per PKR","31-Aug-2025",".003548324","USD","Normal",""
"Bank Floating Month End Exchange Rates  (USD per National Currency)","TS_GP_ER_FMEERUSD_M.E00250","Month End USD per PKR","31-Jul-2025",".00353426","USD","Normal",""
"Bank Floating Month End Exchange Rates  (USD per National Currency)","TS_GP_ER_FMEERUSD_M.E00250","Month End USD per PKR","30-Jun-2025",".003524495","USD","Normal",""
"Bank Floating Month End Exchange Rates  (USD per National Currency)","TS_GP_ER_FMEERUSD_M.E00250","Month End USD per PKR","31-May-2025",".003545926","USD","Normal",""
"Bank Floating Month End Exchange Rates  (USD per National Currency)","TS_GP_ER_FMEERUSD_M.E00250","Month End USD per PKR","30-Apr-2025",".003558763","USD","Normal",""
"Bank Floating Month End Exchange Rates  (USD per National Currency)","TS_GP_ER_FMEERUSD_M.E00250","Month End USD per PKR","31-Mar-2025",".003568967","USD","Normal",""
"Bank Floating Month End Exchange Rates  (USD per National Currency)","TS_GP_ER_FMEERUSD_M.E00250","Month End USD per PKR","28-Feb-2025",".003575744","USD","Normal",""
"Bank Floating Month End Exchange Rates  (USD per National Currency)","TS_GP_ER_FMEERUSD_M.E00250","Month End USD per PKR","31-Jan-2025",".003586282","USD","Normal",""
"Bank Floating Month End Exchange Rates  (USD per National Currency)","TS_GP_ER_FMEERUSD_M.E00250","Month End USD per PKR","31-Dec-2024",".003591398","USD","Normal",""
"Bank Floating Month End Exchange Rates  (USD per National Currency)","TS_GP_ER_FMEERUSD_M.E00250","Month End USD per PKR","30-Nov-2024",".003598037","USD","Normal",""
"Bank Floating Month End Exchange Rates  (USD per National Currency)","TS_GP_ER_FMEERUSD_M.E00250","Month End USD per PKR","31-Oct-2024",".003599801","USD","Normal",""
"Bank Floating Month End Exchange Rates  (USD per National Currency)","TS_GP_ER_FMEERUSD_M.E00250","Month End USD per PKR","30-Sep-2024",".003601634","USD","Normal",""
"Bank Floating Month End Exchange Rates  (USD per National Currency)","TS_GP_ER_FMEERUSD_M.E00250","Month End USD per PKR","31-Aug-2024",".003590198","USD","Normal",""
"Bank Floating Month End Exchange Rates  (USD per National Currency)","TS_GP_ER_FMEERUSD_M.E00250","Month End USD per PKR","31-Jul-2024",".003589487","USD","Normal",""
"Bank Floating Month End Exchange Rates  (USD per National Currency)","TS_GP_ER_FMEERUSD_M.E00250","Month End USD per PKR","30-Jun-2024",".003592822","USD","Normal",""
"Bank Floating Month End Exchange Rates  (USD per National Currency)","TS_GP_ER_FMEERUSD_M.E00250","Month End USD per PKR","31-May-2024",".003591954","USD","Normal",""
"Bank Floating Month End Exchange Rates  (USD per National Currency)","TS_GP_ER_FMEERUSD_M.E00250","Month End USD per PKR","30-Apr-2024",".003592804","USD","Normal",""
"Bank Floating Month End Exchange Rates  (USD per National Currency)","TS_GP_ER_FMEERUSD_M.E00250","Month End USD per PKR","31-Mar-2024",".003597278","USD","Normal",""
"Bank Floating Month End Exchange Rates  (USD per National Currency)","TS_GP_ER_FMEERUSD_M.E00250","Month End USD per PKR","29-Feb-2024",".003584788","USD","Normal",""
"Bank Floating Month End Exchange Rates  (USD per National Currency)","TS_GP_ER_FMEERUSD_M.E00250","Month End USD per PKR","31-Jan-2024",".003580008","USD","Normal",""
"Bank Floating Month End Exchange Rates  (USD per National Currency)","TS_GP_ER_FMEERUSD_M.E00250","Month End USD per PKR","31-Dec-2023",".003549219","USD","Normal",""
"Bank Floating Month End Exchange Rates  (USD per National Currency)","TS_GP_ER_FMEERUSD_M.E00250","Month End USD per PKR","30-Nov-2023",".003560641","USD","Normal",""
"Bank Floating Month End Exchange Rates  (USD per National Currency)","TS_GP_ER_FMEERUSD_M.E00250","Month End USD per PKR","31-Oct-2023",".003560641","USD","Normal",""
"Bank Floating Month End Exchange Rates  (USD per National Currency)","TS_GP_ER_FMEERUSD_M.E00250","Month End USD per PKR","30-Sep-2023",".003473611","USD","Normal",""
"Bank Floating Month End Exchange Rates  (USD per National Currency)","TS_GP_ER_FMEERUSD_M.E00250","Month End USD per PKR","31-Aug-2023",".003280335","USD","Normal",""
"Bank Floating Month End Exchange Rates  (USD per National Currency)","TS_GP_ER_FMEERUSD_M.E00250","Month End USD per PKR","31-Jul-2023",".003492486","USD","Normal",""
"Bank Floating Month End Exchange Rates  (USD per National Currency)","TS_GP_ER_FMEERUSD_M.E00250","Month End USD per PKR","30-Jun-2023",".003494818","USD","Normal",""
"Bank Floating Month End Exchange Rates  (USD per National Currency)","TS_GP_ER_FMEERUSD_M.E00250","Month End USD per PKR","31-May-2023",".00350593","USD","Normal",""
"Bank Floating Month End Exchange Rates  (USD per National Currency)","TS_GP_ER_FMEERUSD_M.E00250","Month End USD per PKR","30-Apr-2023",".003526509","USD","Normal",""
"Bank Floating Month End Exchange Rates  (USD per National Currency)","TS_GP_ER_FMEERUSD_M.E00250","Month End USD per PKR","31-Mar-2023",".003526295","USD","Normal",""
"Bank Floating Month End Exchange Rates  (USD per National Currency)","TS_GP_ER_FMEERUSD_M.E00250","Month End USD per PKR","28-Feb-2023",".003837862","USD","Normal",""
"Bank Floating Month End Exchange Rates  (USD per National Currency)","TS_GP_ER_FMEERUSD_M.E00250","Month End USD per PKR","31-Jan-2023",".003732686","USD","Normal",""
"Bank Floating Month End Exchange Rates  (USD per National Currency)","TS_GP_ER_FMEERUSD_M.E00250","Month End USD per PKR","31-Dec-2022",".004418913","USD","Normal",""
"Bank Floating Month End Exchange Rates  (USD per National Currency)","TS_GP_ER_FMEERUSD_M.E00250","Month End USD per PKR","30-Nov-2022",".004470548","USD","Normal",""
"Bank Floating Month End Exchange Rates  (USD per National Currency)","TS_GP_ER_FMEERUSD_M.E00250","Month End USD per PKR","31-Oct-2022",".004521","USD","Normal",""
"Bank Floating Month End Exchange Rates  (USD per National Currency)","TS_GP_ER_FMEERUSD_M.E00250","Month End USD per PKR","30-Sep-2022",".00437867","USD","Normal",""
"Bank Floating Month End Exchange Rates  (USD per National Currency)","TS_GP_ER_FMEERUSD_M.E00250","Month End USD per PKR","31-Aug-2022",".004567","USD","Normal",""
"Bank Floating Month End Exchange Rates  (USD per National Currency)","TS_GP_ER_FMEERUSD_M.E00250","Month End USD per PKR","31-Jul-2022",".004168","USD","Normal",""
"Bank Floating Month End Exchange Rates  (USD per National Currency)","TS_GP_ER_FMEERUSD_M.E00250","Month End USD per PKR","30-Jun-2022",".004887","USD","Normal",""
"Bank Floating Month End Exchange Rates  (USD per National Currency)","TS_GP_ER_FMEERUSD_M.E00250","Month End USD per PKR","31-May-2022",".005029","USD","Normal",""
"Bank Floating Month End Exchange Rates  (USD per National Currency)","TS_GP_ER_FMEERUSD_M.E00250","Month End USD per PKR","30-Apr-2022",".005392","USD","Normal",""
"Bank Floating Month End Exchange Rates  (USD per National Currency)","TS_GP_ER_FMEERUSD_M.E00250","Month End USD per PKR","31-Mar-2022",".005467","USD","Normal",""
"Bank Floating Month End Exchange Rates  (USD per National Currency)","TS_GP_ER_FMEERUSD_M.E00250","Month End USD per PKR","28-Feb-2022",".005648","USD","Normal",""
"Bank Floating Month End Exchange Rates  (USD per National Currency)","TS_GP_ER_FMEERUSD_M.E00250","Month End USD per PKR","31-Jan-2022",".005664","USD","Normal",""
"Bank Floating Month End Exchange Rates  (USD per National Currency)","TS_GP_ER_FMEERUSD_M.E00250","Month End USD per PKR","31-Dec-2021",".005665","USD","Normal",""
"Bank Floating Month End Exchange Rates  (USD per National Currency)","TS_GP_ER_FMEERUSD_M.E00250","Month End USD per PKR","30-Nov-2021",".00569","USD","Normal",""
"Bank Floating Month End Exchange Rates  (USD per National Currency)","TS_GP_ER_FMEERUSD_M.E00250","Month End USD per PKR","31-Oct-2021",".005826","USD","Normal",""
"Bank Floating Month End Exchange Rates  (USD per National Currency)","TS_GP_ER_FMEERUSD_M.E00250","Month End USD per PKR","30-Sep-2021",".005872","USD","Normal",""
"Bank Floating Month End Exchange Rates  (USD per National Currency)","TS_GP_ER_FMEERUSD_M.E00250","Month End USD per PKR","31-Aug-2021",".00603","USD","Normal",""
"Bank Floating Month End Exchange Rates  (USD per National Currency)","TS_GP_ER_FMEERUSD_M.E00250","Month End USD per PKR","31-Jul-2021",".006187","USD","Normal",""
"Bank Floating Month End Exchange Rates  (USD per National Currency)","TS_GP_ER_FMEERUSD_M.E00250","Month End USD per PKR","30-Jun-2021",".006356","USD","Normal",""
"Bank Floating Month End Exchange Rates  (USD per National Currency)","TS_GP_ER_FMEERUSD_M.E00250","Month End USD per PKR","31-May-2021",".006486","USD","Normal",""
"Bank Floating Month End Exchange Rates  (USD per National Currency)","TS_GP_ER_FMEERUSD_M.E00250","Month End USD per PKR","30-Apr-2021",".006516","USD","Normal",""
"Bank Floating Month End Exchange Rates  (USD per National Currency)","TS_GP_ER_FMEERUSD_M.E00250","Month End USD per PKR","31-Mar-2021",".006556","USD","Normal",""
"Bank Floating Month End Exchange Rates  (USD per National Currency)","TS_GP_ER_FMEERUSD_M.E00250","Month End USD per PKR","28-Feb-2021",".006327","USD","Normal",""
"Bank Floating Month End Exchange Rates  (USD per National Currency)","TS_GP_ER_FMEERUSD_M.E00250","Month End USD per PKR","31-Jan-2021",".00625","USD","Normal",""
"Bank Floating Month End Exchange Rates  (USD per National Currency)","TS_GP_ER_FMEERUSD_M.E00250","Month End USD per PKR","31-Dec-2020",".006259","USD","Normal",""
"Bank Floating Month End Exchange Rates  (USD per National Currency)","TS_GP_ER_FMEERUSD_M.E00250","Month End USD per PKR","30-Nov-2020",".006282","USD","Normal",""
"Bank Floating Month End Exchange Rates  (USD per National Currency)","TS_GP_ER_FMEERUSD_M.E00250","Month End USD per PKR","31-Oct-2020",".00624","USD","Normal",""
"Bank Floating Month End Exchange Rates  (USD per National Currency)","TS_GP_ER_FMEERUSD_M.E00250","Month End USD per PKR","30-Sep-2020",".006037","USD","Normal",""
"Bank Floating Month End Exchange Rates  (USD per National Currency)","TS_GP_ER_FMEERUSD_M.E00250","Month End USD per PKR","31-Aug-2020",".00601","USD","Normal",""
"Bank Floating Month End Exchange Rates  (USD per National Currency)","TS_GP_ER_FMEERUSD_M.E00250","Month End USD per PKR","31-Jul-2020",".005991","USD","Normal",""
"Bank Floating Month End Exchange Rates  (USD per National Currency)","TS_GP_ER_FMEERUSD_M.E00250","Month End USD per PKR","30-Jun-2020",".005959","USD","Normal",""
"Bank Floating Month End Exchange Rates  (USD per National Currency)","TS_GP_ER_FMEERUSD_M.E00250","Month End USD per PKR","31-May-2020",".006162","USD","Normal",""
"Bank Floating Month End Exchange Rates  (USD per National Currency)","TS_GP_ER_FMEERUSD_M.E00250","Month End USD per PKR","30-Apr-2020",".006217","USD","Normal",""
"Bank Floating Month End Exchange Rates  (USD per National Currency)","TS_GP_ER_FMEERUSD_M.E00250","Month End USD per PKR","31-Mar-2020",".006027","USD","Normal",""
"Bank Floating Month End Exchange Rates  (USD per National Currency)","TS_GP_ER_FMEERUSD_M.E00250","Month End USD per PKR","29-Feb-2020",".006488","USD","Normal",""
"Bank Floating Month End Exchange Rates  (USD per National Currency)","TS_GP_ER_FMEERUSD_M.E00250","Month End USD per PKR","31-Jan-2020",".006477","USD","Normal",""
"Bank Floating Month End Exchange Rates  (USD per National Currency)","TS_GP_ER_FMEERUSD_M.E00250","Month End USD per PKR","31-Dec-2019",".00646","USD","Normal",""
"Bank Floating Month End Exchange Rates  (USD per National Currency)","TS_GP_ER_FMEERUSD_M.E00250","Month End USD per PKR","30-Nov-2019",".006443","USD","Normal",""
"Bank Floating Month End Exchange Rates  (USD per National Currency)","TS_GP_ER_FMEERUSD_M.E00250","Month End USD per PKR","31-Oct-2019",".006426","USD","Normal",""
"Bank Floating Month End Exchange Rates  (USD per National Currency)","TS_GP_ER_FMEERUSD_M.E00250","Month End USD per PKR","30-Sep-2019",".006403","USD","Normal",""
"Bank Floating Month End Exchange Rates  (USD per National Currency)","TS_GP_ER_FMEERUSD_M.E00250","Month End USD per PKR","31-Aug-2019",".006375","USD","Normal",""
"Bank Floating Month End Exchange Rates  (USD per National Currency)","TS_GP_ER_FMEERUSD_M.E00250","Month End USD per PKR","31-Jul-2019",".006265","USD","Normal",""
"Bank Floating Month End Exchange Rates  (USD per National Currency)","TS_GP_ER_FMEERUSD_M.E00250","Month End USD per PKR","30-Jun-2019",".006172","USD","Normal",""
"Bank Floating Month End Exchange Rates  (USD per National Currency)","TS_GP_ER_FMEERUSD_M.E00250","Month End USD per PKR","31-May-2019",".006768","USD","Normal",""
"Bank Floating Month End Exchange Rates  (USD per National Currency)","TS_GP_ER_FMEERUSD_M.E00250","Month End USD per PKR","30-Apr-2019",".007079","USD","Normal",""
"Bank Floating Month End Exchange Rates  (USD per National Currency)","TS_GP_ER_FMEERUSD_M.E00250","Month End USD per PKR","31-Mar-2019",".007124","USD","Normal",""
"Bank Floating Month End Exchange Rates  (USD per National Currency)","TS_GP_ER_FMEERUSD_M.E00250","Month End USD per PKR","28-Feb-2019",".007198","USD","Normal",""
"Bank Floating Month End Exchange Rates  (USD per National Currency)","TS_GP_ER_FMEERUSD_M.E00250","Month End USD per PKR","31-Jan-2019",".00723","USD","Normal",""
"Bank Floating Month End Exchange Rates  (USD per National Currency)","TS_GP_ER_FMEERUSD_M.E00250","Month End USD per PKR","31-Dec-2018",".007212","USD","Normal",""
"Bank Floating Month End Exchange Rates  (USD per National Currency)","TS_GP_ER_FMEERUSD_M.E00250","Month End USD per PKR","30-Nov-2018",".00724","USD","Normal",""
"Bank Floating Month End Exchange Rates  (USD per National Currency)","TS_GP_ER_FMEERUSD_M.E00250","Month End USD per PKR","31-Oct-2018",".00756","USD","Normal",""
"Bank Floating Month End Exchange Rates  (USD per National Currency)","TS_GP_ER_FMEERUSD_M.E00250","Month End USD per PKR","30-Sep-2018",".008057","USD","Normal",""
"Bank Floating Month End Exchange Rates  (USD per National Currency)","TS_GP_ER_FMEERUSD_M.E00250","Month End USD per PKR","31-Aug-2018",".008064","USD","Normal",""
"Bank Floating Month End Exchange Rates  (USD per National Currency)","TS_GP_ER_FMEERUSD_M.E00250","Month End USD per PKR","31-Jul-2018",".008102","USD","Normal",""
"Bank Floating Month End Exchange Rates  (USD per National Currency)","TS_GP_ER_FMEERUSD_M.E00250","Month End USD per PKR","30-Jun-2018",".008245","USD","Normal",""
"Bank Floating Month End Exchange Rates  (USD per National Currency)","TS_GP_ER_FMEERUSD_M.E00250","Month End USD per PKR","31-May-2018",".008662","USD","Normal",""
"Bank Floating Month End Exchange Rates  (USD per National Currency)","TS_GP_ER_FMEERUSD_M.E00250","Month End USD per PKR","30-Apr-2018",".008661","USD","Normal",""
"Bank Floating Month End Exchange Rates  (USD per National Currency)","TS_GP_ER_FMEERUSD_M.E00250","Month End USD per PKR","31-Mar-2018",".008683","USD","Normal",""
"Bank Floating Month End Exchange Rates  (USD per National Currency)","TS_GP_ER_FMEERUSD_M.E00250","Month End USD per PKR","28-Feb-2018",".009054","USD","Normal",""
"Bank Floating Month End Exchange Rates  (USD per National Currency)","TS_GP_ER_FMEERUSD_M.E00250","Month End USD per PKR","31-Jan-2018",".009056","USD","Normal",""
"Bank Floating Month End Exchange Rates  (USD per National Currency)","TS_GP_ER_FMEERUSD_M.E00250","Month End USD per PKR","31-Dec-2017",".009066","USD","Normal",""
"Bank Floating Month End Exchange Rates  (USD per National Currency)","TS_GP_ER_FMEERUSD_M.E00250","Month End USD per PKR","30-Nov-2017",".009488","USD","Normal",""
"Bank Floating Month End Exchange Rates  (USD per National Currency)","TS_GP_ER_FMEERUSD_M.E00250","Month End USD per PKR","31-Oct-2017",".009548","USD","Normal",""
"Bank Floating Month End Exchange Rates  (USD per National Currency)","TS_GP_ER_FMEERUSD_M.E00250","Month End USD per PKR","30-Sep-2017",".009494","USD","Normal",""
"Bank Floating Month End Exchange Rates  (USD per National Currency)","TS_GP_ER_FMEERUSD_M.E00250","Month End USD per PKR","31-Aug-2017",".0095","USD","Normal",""
"Bank Floating Month End Exchange Rates  (USD per National Currency)","TS_GP_ER_FMEERUSD_M.E00250","Month End USD per PKR","31-Jul-2017",".009495","USD","Normal",""
"Bank Floating Month End Exchange Rates  (USD per National Currency)","TS_GP_ER_FMEERUSD_M.E00250","Month End USD per PKR","30-Jun-2017",".009543","USD","Normal",""
"Bank Floating Month End Exchange Rates  (USD per National Currency)","TS_GP_ER_FMEERUSD_M.E00250","Month End USD per PKR","31-May-2017",".009546","USD","Normal",""
"Bank Floating Month End Exchange Rates  (USD per National Currency)","TS_GP_ER_FMEERUSD_M.E00250","Month End USD per PKR","30-Apr-2017",".00955","USD","Normal",""
"Bank Floating Month End Exchange Rates  (USD per National Currency)","TS_GP_ER_FMEERUSD_M.E00250","Month End USD per PKR","31-Mar-2017",".009547","USD","Normal",""
"Bank Floating Month End Exchange Rates  (USD per National Currency)","TS_GP_ER_FMEERUSD_M.E00250","Month End USD per PKR","28-Feb-2017",".009547","USD","Normal",""
"Bank Floating Month End Exchange Rates  (USD per National Currency)","TS_GP_ER_FMEERUSD_M.E00250","Month End USD per PKR","31-Jan-2017",".009547","USD","Normal",""
"Bank Floating Month End Exchange Rates  (USD per National Currency)","TS_GP_ER_FMEERUSD_M.E00250","Month End USD per PKR","31-Dec-2016",".009552","USD","Normal",""
"Bank Floating Month End Exchange Rates  (USD per National Currency)","TS_GP_ER_FMEERUSD_M.E00250","Month End USD per PKR","30-Nov-2016",".009548","USD","Normal",""
"Bank Floating Month End Exchange Rates  (USD per National Currency)","TS_GP_ER_FMEERUSD_M.E00250","Month End USD per PKR","31-Oct-2016",".00955","USD","Normal",""
"Bank Floating Month End Exchange Rates  (USD per National Currency)","TS_GP_ER_FMEERUSD_M.E00250","Month End USD per PKR","30-Sep-2016",".00956","USD","Normal",""
"Bank Floating Month End Exchange Rates  (USD per National Currency)","TS_GP_ER_FMEERUSD_M.E00250","Month End USD per PKR","31-Aug-2016",".00955","USD","Normal",""
"Bank Floating Month End Exchange Rates  (USD per National Currency)","TS_GP_ER_FMEERUSD_M.E00250","Month End USD per PKR","31-Jul-2016",".009548","USD","Normal",""
"Bank Floating Month End Exchange Rates  (USD per National Currency)","TS_GP_ER_FMEERUSD_M.E00250","Month End USD per PKR","30-Jun-2016",".009556","USD","Normal",""
"Bank Floating Month End Exchange Rates  (USD per National Currency)","TS_GP_ER_FMEERUSD_M.E00250","Month End USD per PKR","31-May-2016",".009546","USD","Normal",""
"Bank Floating Month End Exchange Rates  (USD per National Currency)","TS_GP_ER_FMEERUSD_M.E00250","Month End USD per PKR","30-Apr-2016",".009547","USD","Normal",""
"Bank Floating Month End Exchange Rates  (USD per National Currency)","TS_GP_ER_FMEERUSD_M.E00250","Month End USD per PKR","31-Mar-2016",".009554","USD","Normal",""
"Bank Floating Month End Exchange Rates  (USD per National Currency)","TS_GP_ER_FMEERUSD_M.E00250","Month End USD per PKR","29-Feb-2016",".00956","USD","Normal",""
"Bank Floating Month End Exchange Rates  (USD per National Currency)","TS_GP_ER_FMEERUSD_M.E00250","Month End USD per PKR","31-Jan-2016",".009538","USD","Normal",""
"Bank Floating Month End Exchange Rates  (USD per National Currency)","TS_GP_ER_FMEERUSD_M.E00250","Month End USD per PKR","31-Dec-2015",".009551","USD","Normal",""
"Bank Floating Month End Exchange Rates  (USD per National Currency)","TS_GP_ER_FMEERUSD_M.E00250","Month End USD per PKR","30-Nov-2015",".009487","USD","Normal",""
"Bank Floating Month End Exchange Rates  (USD per National Currency)","TS_GP_ER_FMEERUSD_M.E00250","Month End USD per PKR","31-Oct-2015",".009491","USD","Normal",""
"Bank Floating Month End Exchange Rates  (USD per National Currency)","TS_GP_ER_FMEERUSD_M.E00250","Month End USD per PKR","30-Sep-2015",".009583","USD","Normal",""
"Bank Floating Month End Exchange Rates  (USD per National Currency)","TS_GP_ER_FMEERUSD_M.E00250","Month End USD per PKR","31-Aug-2015",".009624","USD","Normal",""
"Bank Floating Month End Exchange Rates  (USD per National Currency)","TS_GP_ER_FMEERUSD_M.E00250","Month End USD per PKR","31-Jul-2015",".009828","USD","Normal",""
"Bank Floating Month End Exchange Rates  (USD per National Currency)","TS_GP_ER_FMEERUSD_M.E00250","Month End USD per PKR","30-Jun-2015",".00983","USD","Normal",""
"Bank Floating Month End Exchange Rates  (USD per National Currency)","TS_GP_ER_FMEERUSD_M.E00250","Month End USD per PKR","31-May-2015",".009812","USD","Normal",""
"Bank Floating Month End Exchange Rates  (USD per National Currency)","TS_GP_ER_FMEERUSD_M.E00250","Month End USD per PKR","30-Apr-2015",".009834","USD","Normal",""
"Bank Floating Month End Exchange Rates  (USD per National Currency)","TS_GP_ER_FMEERUSD_M.E00250","Month End USD per PKR","31-Mar-2015",".009821","USD","Normal",""
"Bank Floating Month End Exchange Rates  (USD per National Currency)","TS_GP_ER_FMEERUSD_M.E00250","Month End USD per PKR","28-Feb-2015",".009829","USD","Normal",""
"Bank Floating Month End Exchange Rates  (USD per National Currency)","TS_GP_ER_FMEERUSD_M.E00250","Month End USD per PKR","31-Jan-2015",".009901","USD","Normal",""
"Bank Floating Month End Exchange Rates  (USD per National Currency)","TS_GP_ER_FMEERUSD_M.E00250","Month End USD per PKR","31-Dec-2014",".009957","USD","Normal",""
"Bank Floating Month End Exchange Rates  (USD per National Currency)","TS_GP_ER_FMEERUSD_M.E00250","Month End USD per PKR","30-Nov-2014",".009835","USD","Normal",""
"Bank Floating Month End Exchange Rates  (USD per National Currency)","TS_GP_ER_FMEERUSD_M.E00250","Month End USD per PKR","31-Oct-2014",".009727","USD","Normal",""
"Bank Floating Month End Exchange Rates  (USD per National Currency)","TS_GP_ER_FMEERUSD_M.E00250","Month End USD per PKR","30-Sep-2014",".009757","USD","Normal",""
"Bank Floating Month End Exchange Rates  (USD per National Currency)","TS_GP_ER_FMEERUSD_M.E00250","Month End USD per PKR","31-Aug-2014",".009815","USD","Normal",""
"Bank Floating Month End Exchange Rates  (USD per National Currency)","TS_GP_ER_FMEERUSD_M.E00250","Month End USD per PKR","31-Jul-2014",".010133","USD","Normal",""
"Bank Floating Month End Exchange Rates  (USD per National Currency)","TS_GP_ER_FMEERUSD_M.E00250","Month End USD per PKR","30-Jun-2014",".010137","USD","Normal",""
"Bank Floating Month End Exchange Rates  (USD per National Currency)","TS_GP_ER_FMEERUSD_M.E00250","Month End USD per PKR","31-May-2014",".010142","USD","Normal",""
"Bank Floating Month End Exchange Rates  (USD per National Currency)","TS_GP_ER_FMEERUSD_M.E00250","Month End USD per PKR","30-Apr-2014",".010163","USD","Normal",""
"Bank Floating Month End Exchange Rates  (USD per National Currency)","TS_GP_ER_FMEERUSD_M.E00250","Month End USD per PKR","31-Mar-2014",".010205","USD","Normal",""
"Bank Floating Month End Exchange Rates  (USD per National Currency)","TS_GP_ER_FMEERUSD_M.E00250","Month End USD per PKR","28-Feb-2014",".009535","USD","Normal",""
"Bank Floating Month End Exchange Rates  (USD per National Currency)","TS_GP_ER_FMEERUSD_M.E00250","Month End USD per PKR","31-Jan-2014",".009493","USD","Normal",""
"Bank Floating Month End Exchange Rates  (USD per National Currency)","TS_GP_ER_FMEERUSD_M.E00250","Month End USD per PKR","31-Dec-2013",".00947","USD","Normal",""
"Bank Floating Month End Exchange Rates  (USD per National Currency)","TS_GP_ER_FMEERUSD_M.E00250","Month End USD per PKR","30-Nov-2013",".009226","USD","Normal",""
"Bank Floating Month End Exchange Rates  (USD per National Currency)","TS_GP_ER_FMEERUSD_M.E00250","Month End USD per PKR","31-Oct-2013",".009369","USD","Normal",""
"Bank Floating Month End Exchange Rates  (USD per National Currency)","TS_GP_ER_FMEERUSD_M.E00250","Month End USD per PKR","30-Sep-2013",".009455","USD","Normal",""
"Bank Floating Month End Exchange Rates  (USD per National Currency)","TS_GP_ER_FMEERUSD_M.E00250","Month End USD per PKR","31-Aug-2013",".009579","USD","Normal",""
"Bank Floating Month End Exchange Rates  (USD per National Currency)","TS_GP_ER_FMEERUSD_M.E00250","Month End USD per PKR","31-Jul-2013",".009826","USD","Normal",""
"Bank Floating Month End Exchange Rates  (USD per National Currency)","TS_GP_ER_FMEERUSD_M.E00250","Month End USD per PKR","30-Jun-2013",".01011","USD","Normal",""
"Bank Floating Month End Exchange Rates  (USD per National Currency)","TS_GP_ER_FMEERUSD_M.E00250","Month End USD per PKR","31-May-2013",".010156","USD","Normal",""
"Bank Floating Month End Exchange Rates  (USD per National Currency)","TS_GP_ER_FMEERUSD_M.E00250","Month End USD per PKR","30-Apr-2013",".010163","USD","Normal",""
"Bank Floating Month End Exchange Rates  (USD per National Currency)","TS_GP_ER_FMEERUSD_M.E00250","Month End USD per PKR","31-Mar-2013",".010169","USD","Normal",""
"Bank Floating Month End Exchange Rates  (USD per National Currency)","TS_GP_ER_FMEERUSD_M.E00250","Month End USD per PKR","28-Feb-2013",".010194","USD","Normal",""
"Bank Floating Month End Exchange Rates  (USD per National Currency)","TS_GP_ER_FMEERUSD_M.E00250","Month End USD per PKR","31-Jan-2013",".010242","USD","Normal",""
"Bank Floating Month End Exchange Rates  (USD per National Currency)","TS_GP_ER_FMEERUSD_M.E00250","Month End USD per PKR","31-Dec-2012",".010297","USD","Normal",""
"Bank Floating Month End Exchange Rates  (USD per National Currency)","TS_GP_ER_FMEERUSD_M.E00250","Month End USD per PKR","30-Nov-2012",".010363","USD","Normal",""
"Bank Floating Month End Exchange Rates  (USD per National Currency)","TS_GP_ER_FMEERUSD_M.E00250","Month End USD per PKR","31-Oct-2012",".010439","USD","Normal",""
"Bank Floating Month End Exchange Rates  (USD per National Currency)","TS_GP_ER_FMEERUSD_M.E00250","Month End USD per PKR","30-Sep-2012",".010549","USD","Normal",""
"Bank Floating Month End Exchange Rates  (USD per National Currency)","TS_GP_ER_FMEERUSD_M.E00250","Month End USD per PKR","31-Aug-2012",".010579","USD","Normal",""
"Bank Floating Month End Exchange Rates  (USD per National Currency)","TS_GP_ER_FMEERUSD_M.E00250","Month End USD per PKR","31-Jul-2012",".010569","USD","Normal",""
"Bank Floating Month End Exchange Rates  (USD per National Currency)","TS_GP_ER_FMEERUSD_M.E00250","Month End USD per PKR","30-Jun-2012",".010591","USD","Normal",""
"Bank Floating Month End Exchange Rates  (USD per National Currency)","TS_GP_ER_FMEERUSD_M.E00250","Month End USD per PKR","31-May-2012",".010693","USD","Normal",""
"Bank Floating Month End Exchange Rates  (USD per National Currency)","TS_GP_ER_FMEERUSD_M.E00250","Month End USD per PKR","30-Apr-2012",".011009","USD","Normal",""
"Bank Floating Month End Exchange Rates  (USD per National Currency)","TS_GP_ER_FMEERUSD_M.E00250","Month End USD per PKR","31-Mar-2012",".011036","USD","Normal",""
"Bank Floating Month End Exchange Rates  (USD per National Currency)","TS_GP_ER_FMEERUSD_M.E00250","Month End USD per PKR","29-Feb-2012",".011007","USD","Normal",""
"Bank Floating Month End Exchange Rates  (USD per National Currency)","TS_GP_ER_FMEERUSD_M.E00250","Month End USD per PKR","31-Jan-2012",".011079","USD","Normal",""
"Bank Floating Month End Exchange Rates  (USD per National Currency)","TS_GP_ER_FMEERUSD_M.E00250","Month End USD per PKR","31-Dec-2011",".01113","USD","Normal",""
"Bank Floating Month End Exchange Rates  (USD per National Currency)","TS_GP_ER_FMEERUSD_M.E00250","Month End USD per PKR","30-Nov-2011",".01133","USD","Normal",""
"Bank Floating Month End Exchange Rates  (USD per National Currency)","TS_GP_ER_FMEERUSD_M.E00250","Month End USD per PKR","31-Oct-2011",".011553","USD","Normal",""
"Bank Floating Month End Exchange Rates  (USD per National Currency)","TS_GP_ER_FMEERUSD_M.E00250","Month End USD per PKR","30-Sep-2011",".011441","USD","Normal",""
"Bank Floating Month End Exchange Rates  (USD per National Currency)","TS_GP_ER_FMEERUSD_M.E00250","Month End USD per PKR","31-Aug-2011",".011475","USD","Normal",""
"Bank Floating Month End Exchange Rates  (USD per National Currency)","TS_GP_ER_FMEERUSD_M.E00250","Month End USD per PKR","31-Jul-2011",".011568","USD","Normal",""
"Bank Floating Month End Exchange Rates  (USD per National Currency)","TS_GP_ER_FMEERUSD_M.E00250","Month End USD per PKR","30-Jun-2011",".011636","USD","Normal",""
"Bank Floating Month End Exchange Rates  (USD per National Currency)","TS_GP_ER_FMEERUSD_M.E00250","Month End USD per PKR","31-May-2011",".011657","USD","Normal",""
"Bank Floating Month End Exchange Rates  (USD per National Currency)","TS_GP_ER_FMEERUSD_M.E00250","Month End USD per PKR","30-Apr-2011",".011821","USD","Normal",""
"Bank Floating Month End Exchange Rates  (USD per National Currency)","TS_GP_ER_FMEERUSD_M.E00250","Month End USD per PKR","31-Mar-2011",".011731","USD","Normal",""
"Bank Floating Month End Exchange Rates  (USD per National Currency)","TS_GP_ER_FMEERUSD_M.E00250","Month End USD per PKR","28-Feb-2011",".011686","USD","Normal",""
"Bank Floating Month End Exchange Rates  (USD per National Currency)","TS_GP_ER_FMEERUSD_M.E00250","Month End USD per PKR","31-Jan-2011",".011674","USD","Normal",""
"Bank Floating Month End Exchange Rates  (USD per National Currency)","TS_GP_ER_FMEERUSD_M.E00250","Month End USD per PKR","31-Dec-2010",".011674","USD","Normal",""
"Bank Floating Month End Exchange Rates  (USD per National Currency)","TS_GP_ER_FMEERUSD_M.E00250","Month End USD per PKR","30-Nov-2010",".011663","USD","Normal",""
"Bank Floating Month End Exchange Rates  (USD per National Currency)","TS_GP_ER_FMEERUSD_M.E00250","Month End USD per PKR","31-Oct-2010",".011654","USD","Normal",""
"Bank Floating Month End Exchange Rates  (USD per National Currency)","TS_GP_ER_FMEERUSD_M.E00250","Month End USD per PKR","30-Sep-2010",".011606","USD","Normal",""
"Bank Floating Month End Exchange Rates  (USD per National Currency)","TS_GP_ER_FMEERUSD_M.E00250","Month End USD per PKR","31-Aug-2010",".011686","USD","Normal",""
"Bank Floating Month End Exchange Rates  (USD per National Currency)","TS_GP_ER_FMEERUSD_M.E00250","Month End USD per PKR","31-Jul-2010",".01169","USD","Normal",""
"Bank Floating Month End Exchange Rates  (USD per National Currency)","TS_GP_ER_FMEERUSD_M.E00250","Month End USD per PKR","30-Jun-2010",".011719","USD","Normal",""
"Bank Floating Month End Exchange Rates  (USD per National Currency)","TS_GP_ER_FMEERUSD_M.E00250","Month End USD per PKR","31-May-2010",".011759","USD","Normal",""
"Bank Floating Month End Exchange Rates  (USD per National Currency)","TS_GP_ER_FMEERUSD_M.E00250","Month End USD per PKR","30-Apr-2010",".011912","USD","Normal",""
"Bank Floating Month End Exchange Rates  (USD per National Currency)","TS_GP_ER_FMEERUSD_M.E00250","Month End USD per PKR","31-Mar-2010",".011893","USD","Normal",""
"Bank Floating Month End Exchange Rates  (USD per National Currency)","TS_GP_ER_FMEERUSD_M.E00250","Month End USD per PKR","28-Feb-2010",".011768","USD","Normal",""
"Bank Floating Month End Exchange Rates  (USD per National Currency)","TS_GP_ER_FMEERUSD_M.E00250","Month End USD per PKR","31-Jan-2010",".0118","USD","Normal",""
"Bank Floating Month End Exchange Rates  (USD per National Currency)","TS_GP_ER_FMEERUSD_M.E00250","Month End USD per PKR","31-Dec-2009",".011884","USD","Normal",""
"Bank Floating Month End Exchange Rates  (USD per National Currency)","TS_GP_ER_FMEERUSD_M.E00250","Month End USD per PKR","30-Nov-2009",".011984","USD","Normal",""
"Bank Floating Month End Exchange Rates  (USD per National Currency)","TS_GP_ER_FMEERUSD_M.E00250","Month End USD per PKR","31-Oct-2009",".011965","USD","Normal",""
"Bank Floating Month End Exchange Rates  (USD per National Currency)","TS_GP_ER_FMEERUSD_M.E00250","Month End USD per PKR","30-Sep-2009",".012034","USD","Normal",""
"Bank Floating Month End Exchange Rates  (USD per National Currency)","TS_GP_ER_FMEERUSD_M.E00250","Month End USD per PKR","31-Aug-2009",".012054","USD","Normal",""
"Bank Floating Month End Exchange Rates  (USD per National Currency)","TS_GP_ER_FMEERUSD_M.E00250","Month End USD per PKR","31-Jul-2009",".01204","USD","Normal",""
"Bank Floating Month End Exchange Rates  (USD per National Currency)","TS_GP_ER_FMEERUSD_M.E00250","Month End USD per PKR","30-Jun-2009",".012307","USD","Normal",""
"Bank Floating Month End Exchange Rates  (USD per National Currency)","TS_GP_ER_FMEERUSD_M.E00250","Month End USD per PKR","31-May-2009",".012368","USD","Normal",""
"Bank Floating Month End Exchange Rates  (USD per National Currency)","TS_GP_ER_FMEERUSD_M.E00250","Month End USD per PKR","30-Apr-2009",".012438","USD","Normal",""
"Bank Floating Month End Exchange Rates  (USD per National Currency)","TS_GP_ER_FMEERUSD_M.E00250","Month End USD per PKR","31-Mar-2009",".01245","USD","Normal",""
"Bank Floating Month End Exchange Rates  (USD per National Currency)","TS_GP_ER_FMEERUSD_M.E00250","Month End USD per PKR","28-Feb-2009",".012534","USD","Normal",""
"Bank Floating Month End Exchange Rates  (USD per National Currency)","TS_GP_ER_FMEERUSD_M.E00250","Month End USD per PKR","31-Jan-2009",".01268","USD","Normal",""
"Bank Floating Month End Exchange Rates  (USD per National Currency)","TS_GP_ER_FMEERUSD_M.E00250","Month End USD per PKR","31-Dec-2008",".012663","USD","Normal",""
"Bank Floating Month End Exchange Rates  (USD per National Currency)","TS_GP_ER_FMEERUSD_M.E00250","Month End USD per PKR","30-Nov-2008",".012709","USD","Normal",""
"Bank Floating Month End Exchange Rates  (USD per National Currency)","TS_GP_ER_FMEERUSD_M.E00250","Month End USD per PKR","31-Oct-2008",".012265","USD","Normal",""
"Bank Floating Month End Exchange Rates  (USD per National Currency)","TS_GP_ER_FMEERUSD_M.E00250","Month End USD per PKR","30-Sep-2008",".012822","USD","Normal",""
"Bank Floating Month End Exchange Rates  (USD per National Currency)","TS_GP_ER_FMEERUSD_M.E00250","Month End USD per PKR","31-Aug-2008",".013146","USD","Normal",""
"Bank Floating Month End Exchange Rates  (USD per National Currency)","TS_GP_ER_FMEERUSD_M.E00250","Month End USD per PKR","31-Jul-2008",".014009","USD","Normal",""
"Bank Floating Month End Exchange Rates  (USD per National Currency)","TS_GP_ER_FMEERUSD_M.E00250","Month End USD per PKR","30-Jun-2008",".01467","USD","Normal",""
"Bank Floating Month End Exchange Rates  (USD per National Currency)","TS_GP_ER_FMEERUSD_M.E00250","Month End USD per PKR","31-May-2008",".015019","USD","Normal",""
"Bank Floating Month End Exchange Rates  (USD per National Currency)","TS_GP_ER_FMEERUSD_M.E00250","Month End USD per PKR","30-Apr-2008",".015508","USD","Normal",""
"Bank Floating Month End Exchange Rates  (USD per National Currency)","TS_GP_ER_FMEERUSD_M.E00250","Month End USD per PKR","31-Mar-2008",".015945","USD","Normal",""
"Bank Floating Month End Exchange Rates  (USD per National Currency)","TS_GP_ER_FMEERUSD_M.E00250","Month End USD per PKR","29-Feb-2008",".016003","USD","Normal",""
"Bank Floating Month End Exchange Rates  (USD per National Currency)","TS_GP_ER_FMEERUSD_M.E00250","Month End USD per PKR","31-Jan-2008",".015979","USD","Normal",""
"Bank Floating Month End Exchange Rates  (USD per National Currency)","TS_GP_ER_FMEERUSD_M.E00250","Month End USD per PKR","31-Dec-2007",".016255","USD","Normal",""
"Bank Floating Month End Exchange Rates  (USD per National Currency)","TS_GP_ER_FMEERUSD_M.E00250","Month End USD per PKR","30-Nov-2007",".016359","USD","Normal",""
"Bank Floating Month End Exchange Rates  (USD per National Currency)","TS_GP_ER_FMEERUSD_M.E00250","Month End USD per PKR","31-Oct-2007",".016479","USD","Normal",""
"Bank Floating Month End Exchange Rates  (USD per National Currency)","TS_GP_ER_FMEERUSD_M.E00250","Month End USD per PKR","30-Sep-2007",".01648","USD","Normal",""
"Bank Floating Month End Exchange Rates  (USD per National Currency)","TS_GP_ER_FMEERUSD_M.E00250","Month End USD per PKR","31-Aug-2007",".01648","USD","Normal",""
"Bank Floating Month End Exchange Rates  (USD per National Currency)","TS_GP_ER_FMEERUSD_M.E00250","Month End USD per PKR","31-Jul-2007",".016555","USD","Normal",""
"Bank Floating Month End Exchange Rates  (USD per National Currency)","TS_GP_ER_FMEERUSD_M.E00250","Month End USD per PKR","30-Jun-2007",".016546","USD","Normal",""
"Bank Floating Month End Exchange Rates  (USD per National Currency)","TS_GP_ER_FMEERUSD_M.E00250","Month End USD per PKR","31-May-2007",".016468","USD","Normal",""
"Bank Floating Month End Exchange Rates  (USD per National Currency)","TS_GP_ER_FMEERUSD_M.E00250","Month End USD per PKR","30-Apr-2007",".016479","USD","Normal",""
"Bank Floating Month End Exchange Rates  (USD per National Currency)","TS_GP_ER_FMEERUSD_M.E00250","Month End USD per PKR","31-Mar-2007",".016472","USD","Normal",""
"Bank Floating Month End Exchange Rates  (USD per National Currency)","TS_GP_ER_FMEERUSD_M.E00250","Month End USD per PKR","28-Feb-2007",".016478","USD","Normal",""
"Bank Floating Month End Exchange Rates  (USD per National Currency)","TS_GP_ER_FMEERUSD_M.E00250","Month End USD per PKR","31-Jan-2007",".016465","USD","Normal",""
"Bank Floating Month End Exchange Rates  (USD per National Currency)","TS_GP_ER_FMEERUSD_M.E00250","Month End USD per PKR","31-Dec-2006",".016424","USD","Normal",""
"Bank Floating Month End Exchange Rates  (USD per National Currency)","TS_GP_ER_FMEERUSD_M.E00250","Month End USD per PKR","30-Nov-2006",".016442","USD","Normal",""
"Bank Floating Month End Exchange Rates  (USD per National Currency)","TS_GP_ER_FMEERUSD_M.E00250","Month End USD per PKR","31-Oct-2006",".016501","USD","Normal",""
"Bank Floating Month End Exchange Rates  (USD per National Currency)","TS_GP_ER_FMEERUSD_M.E00250","Month End USD per PKR","30-Sep-2006",".016516","USD","Normal",""
"Bank Floating Month End Exchange Rates  (USD per National Currency)","TS_GP_ER_FMEERUSD_M.E00250","Month End USD per PKR","31-Aug-2006",".01656","USD","Normal",""
"Bank Floating Month End Exchange Rates  (USD per National Currency)","TS_GP_ER_FMEERUSD_M.E00250","Month End USD per PKR","31-Jul-2006",".016574","USD","Normal",""
"Bank Floating Month End Exchange Rates  (USD per National Currency)","TS_GP_ER_FMEERUSD_M.E00250","Month End USD per PKR","30-Jun-2006",".016618","USD","Normal",""
"Bank Floating Month End Exchange Rates  (USD per National Currency)","TS_GP_ER_FMEERUSD_M.E00250","Month End USD per PKR","31-May-2006",".016611","USD","Normal",""
"Bank Floating Month End Exchange Rates  (USD per National Currency)","TS_GP_ER_FMEERUSD_M.E00250","Month End USD per PKR","30-Apr-2006",".016661","USD","Normal",""
"Bank Floating Month End Exchange Rates  (USD per National Currency)","TS_GP_ER_FMEERUSD_M.E00250","Month End USD per PKR","31-Mar-2006",".016678","USD","Normal",""
"Bank Floating Month End Exchange Rates  (USD per National Currency)","TS_GP_ER_FMEERUSD_M.E00250","Month End USD per PKR","28-Feb-2006",".016706","USD","Normal",""
"Bank Floating Month End Exchange Rates  (USD per National Currency)","TS_GP_ER_FMEERUSD_M.E00250","Month End USD per PKR","31-Jan-2006",".016712","USD","Normal",""
"Bank Floating Month End Exchange Rates  (USD per National Currency)","TS_GP_ER_FMEERUSD_M.E00250","Month End USD per PKR","31-Dec-2005",".016729","USD","Normal",""
"Bank Floating Month End Exchange Rates  (USD per National Currency)","TS_GP_ER_FMEERUSD_M.E00250","Month End USD per PKR","30-Nov-2005",".016737","USD","Normal",""
"Bank Floating Month End Exchange Rates  (USD per National Currency)","TS_GP_ER_FMEERUSD_M.E00250","Month End USD per PKR","31-Oct-2005",".016752","USD","Normal",""
"Bank Floating Month End Exchange Rates  (USD per National Currency)","TS_GP_ER_FMEERUSD_M.E00250","Month End USD per PKR","30-Sep-2005",".016751","USD","Normal",""
"Bank Floating Month End Exchange Rates  (USD per National Currency)","TS_GP_ER_FMEERUSD_M.E00250","Month End USD per PKR","31-Aug-2005",".016758","USD","Normal",""
"Bank Floating Month End Exchange Rates  (USD per National Currency)","TS_GP_ER_FMEERUSD_M.E00250","Month End USD per PKR","31-Jul-2005",".016773","USD","Normal",""
"Bank Floating Month End Exchange Rates  (USD per National Currency)","TS_GP_ER_FMEERUSD_M.E00250","Month End USD per PKR","30-Jun-2005",".016758","USD","Normal",""
"Bank Floating Month End Exchange Rates  (USD per National Currency)","TS_GP_ER_FMEERUSD_M.E00250","Month End USD per PKR","31-May-2005",".016788","USD","Normal",""
"Bank Floating Month End Exchange Rates  (USD per National Currency)","TS_GP_ER_FMEERUSD_M.E00250","Month End USD per PKR","30-Apr-2005",".016822","USD","Normal",""
"Bank Floating Month End Exchange Rates  (USD per National Currency)","TS_GP_ER_FMEERUSD_M.E00250","Month End USD per PKR","31-Mar-2005",".016842","USD","Normal",""
"Bank Floating Month End Exchange Rates  (USD per National Currency)","TS_GP_ER_FMEERUSD_M.E00250","Month End USD per PKR","28-Feb-2005",".016853","USD","Normal",""
"Bank Floating Month End Exchange Rates  (USD per National Currency)","TS_GP_ER_FMEERUSD_M.E00250","Month End USD per PKR","31-Jan-2005",".016857","USD","Normal",""
"Bank Floating Month End Exchange Rates  (USD per National Currency)","TS_GP_ER_FMEERUSD_M.E00250","Month End USD per PKR","31-Dec-2004",".016821","USD","Normal",""
"Bank Floating Month End Exchange Rates  (USD per National Currency)","TS_GP_ER_FMEERUSD_M.E00250","Month End USD per PKR","30-Nov-2004",".016732","USD","Normal",""
"Bank Floating Month End Exchange Rates  (USD per National Currency)","TS_GP_ER_FMEERUSD_M.E00250","Month End USD per PKR","31-Oct-2004",".016313","USD","Normal",""
"Bank Floating Month End Exchange Rates  (USD per National Currency)","TS_GP_ER_FMEERUSD_M.E00250","Month End USD per PKR","30-Sep-2004",".016887","USD","Normal",""
"Bank Floating Month End Exchange Rates  (USD per National Currency)","TS_GP_ER_FMEERUSD_M.E00250","Month End USD per PKR","31-Aug-2004",".017029","USD","Normal",""
"Bank Floating Month End Exchange Rates  (USD per National Currency)","TS_GP_ER_FMEERUSD_M.E00250","Month End USD per PKR","31-Jul-2004",".017106","USD","Normal",""
"Bank Floating Month End Exchange Rates  (USD per National Currency)","TS_GP_ER_FMEERUSD_M.E00250","Month End USD per PKR","30-Jun-2004",".017195","USD","Normal",""
"Bank Floating Month End Exchange Rates  (USD per National Currency)","TS_GP_ER_FMEERUSD_M.E00250","Month End USD per PKR","31-May-2004",".017331","USD","Normal",""
"Bank Floating Month End Exchange Rates  (USD per National Currency)","TS_GP_ER_FMEERUSD_M.E00250","Month End USD per PKR","30-Apr-2004",".017399","USD","Normal",""
"Bank Floating Month End Exchange Rates  (USD per National Currency)","TS_GP_ER_FMEERUSD_M.E00250","Month End USD per PKR","31-Mar-2004",".01739","USD","Normal",""
"Bank Floating Month End Exchange Rates  (USD per National Currency)","TS_GP_ER_FMEERUSD_M.E00250","Month End USD per PKR","29-Feb-2004",".017437","USD","Normal",""
"Bank Floating Month End Exchange Rates  (USD per National Currency)","TS_GP_ER_FMEERUSD_M.E00250","Month End USD per PKR","31-Jan-2004",".017416","USD","Normal",""
"Bank Floating Month End Exchange Rates  (USD per National Currency)","TS_GP_ER_FMEERUSD_M.E00250","Month End USD per PKR","31-Dec-2003",".01741","USD","Normal",""
"Bank Floating Month End Exchange Rates  (USD per National Currency)","TS_GP_ER_FMEERUSD_M.E00250","Month End USD per PKR","30-Nov-2003",".017474","USD","Normal",""
"Bank Floating Month End Exchange Rates  (USD per National Currency)","TS_GP_ER_FMEERUSD_M.E00250","Month End USD per PKR","31-Oct-2003",".017415","USD","Normal",""
"Bank Floating Month End Exchange Rates  (USD per National Currency)","TS_GP_ER_FMEERUSD_M.E00250","Month End USD per PKR","30-Sep-2003",".017276","USD","Normal",""
"Bank Floating Month End Exchange Rates  (USD per National Currency)","TS_GP_ER_FMEERUSD_M.E00250","Month End USD per PKR","31-Aug-2003",".017316","USD","Normal",""
"Bank Floating Month End Exchange Rates  (USD per National Currency)","TS_GP_ER_FMEERUSD_M.E00250","Month End USD per PKR","31-Jul-2003",".017314","USD","Normal",""
"Bank Floating Month End Exchange Rates  (USD per National Currency)","TS_GP_ER_FMEERUSD_M.E00250","Month End USD per PKR","30-Jun-2003",".017298","USD","Normal",""
"Bank Floating Month End Exchange Rates  (USD per National Currency)","TS_GP_ER_FMEERUSD_M.E00250","Month End USD per PKR","31-May-2003",".017352","USD","Normal",""
"Bank Floating Month End Exchange Rates  (USD per National Currency)","TS_GP_ER_FMEERUSD_M.E00250","Month End USD per PKR","30-Apr-2003",".017306","USD","Normal",""
"Bank Floating Month End Exchange Rates  (USD per National Currency)","TS_GP_ER_FMEERUSD_M.E00250","Month End USD per PKR","31-Mar-2003",".017293","USD","Normal",""
"Bank Floating Month End Exchange Rates  (USD per National Currency)","TS_GP_ER_FMEERUSD_M.E00250","Month End USD per PKR","28-Feb-2003",".01721","USD","Normal",""
"Bank Floating Month End Exchange Rates  (USD per National Currency)","TS_GP_ER_FMEERUSD_M.E00250","Month End USD per PKR","31-Jan-2003",".017189","USD","Normal",""
"Bank Floating Month End Exchange Rates  (USD per National Currency)","TS_GP_ER_FMEERUSD_M.E00250","Month End USD per PKR","31-Dec-2002",".017131","USD","Normal",""
"Bank Floating Month End Exchange Rates  (USD per National Currency)","TS_GP_ER_FMEERUSD_M.E00250","Month End USD per PKR","30-Nov-2002",".017137","USD","Normal",""
"Bank Floating Month End Exchange Rates  (USD per National Currency)","TS_GP_ER_FMEERUSD_M.E00250","Month End USD per PKR","31-Oct-2002",".016969","USD","Normal",""
"Bank Floating Month End Exchange Rates  (USD per National Currency)","TS_GP_ER_FMEERUSD_M.E00250","Month End USD per PKR","30-Sep-2002",".016895","USD","Normal",""
"Bank Floating Month End Exchange Rates  (USD per National Currency)","TS_GP_ER_FMEERUSD_M.E00250","Month End USD per PKR","31-Aug-2002",".016846","USD","Normal",""
"Bank Floating Month End Exchange Rates  (USD per National Currency)","TS_GP_ER_FMEERUSD_M.E00250","Month End USD per PKR","31-Jul-2002",".01679","USD","Normal",""
"Bank Floating Month End Exchange Rates  (USD per National Currency)","TS_GP_ER_FMEERUSD_M.E00250","Month End USD per PKR","30-Jun-2002",".016646","USD","Normal",""
"Bank Floating Month End Exchange Rates  (USD per National Currency)","TS_GP_ER_FMEERUSD_M.E00250","Month End USD per PKR","31-May-2002",".016625","USD","Normal",""
"Bank Floating Month End Exchange Rates  (USD per National Currency)","TS_GP_ER_FMEERUSD_M.E00250","Month End USD per PKR","30-Apr-2002",".016635","USD","Normal",""
"Bank Floating Month End Exchange Rates  (USD per National Currency)","TS_GP_ER_FMEERUSD_M.E00250","Month End USD per PKR","31-Mar-2002",".016641","USD","Normal",""
"Bank Floating Month End Exchange Rates  (USD per National Currency)","TS_GP_ER_FMEERUSD_M.E00250","Month End USD per PKR","28-Feb-2002",".016631","USD","Normal",""
"Bank Floating Month End Exchange Rates  (USD per National Currency)","TS_GP_ER_FMEERUSD_M.E00250","Month End USD per PKR","31-Jan-2002",".016597","USD","Normal",""
"Bank Floating Month End Exchange Rates  (USD per National Currency)","TS_GP_ER_FMEERUSD_M.E00250","Month End USD per PKR","31-Dec-2001",".01664","USD","Normal",""
"Bank Floating Month End Exchange Rates  (USD per National Currency)","TS_GP_ER_FMEERUSD_M.E00250","Month End USD per PKR","30-Nov-2001",".016423","USD","Normal",""
"Bank Floating Month End Exchange Rates  (USD per National Currency)","TS_GP_ER_FMEERUSD_M.E00250","Month End USD per PKR","31-Oct-2001",".01626","USD","Normal",""
"Bank Floating Month End Exchange Rates  (USD per National Currency)","TS_GP_ER_FMEERUSD_M.E00250","Month End USD per PKR","30-Sep-2001",".01561","USD","Normal",""
"Bank Floating Month End Exchange Rates  (USD per National Currency)","TS_GP_ER_FMEERUSD_M.E00250","Month End USD per PKR","31-Aug-2001",".01561","USD","Normal",""
"Bank Floating Month End Exchange Rates  (USD per National Currency)","TS_GP_ER_FMEERUSD_M.E00250","Month End USD per PKR","31-Jul-2001",".015589","USD","Normal",""
"Bank Floating Month End Exchange Rates  (USD per National Currency)","TS_GP_ER_FMEERUSD_M.E00250","Month End USD per PKR","30-Jun-2001",".015603","USD","Normal",""
"Bank Floating Month End Exchange Rates  (USD per National Currency)","TS_GP_ER_FMEERUSD_M.E00250","Month End USD per PKR","31-May-2001",".015813","USD","Normal",""
"Bank Floating Month End Exchange Rates  (USD per National Currency)","TS_GP_ER_FMEERUSD_M.E00250","Month End USD per PKR","30-Apr-2001",".016329","USD","Normal",""
"Bank Floating Month End Exchange Rates  (USD per National Currency)","TS_GP_ER_FMEERUSD_M.E00250","Month End USD per PKR","31-Mar-2001",".016443","USD","Normal",""
"Bank Floating Month End Exchange Rates  (USD per National Currency)","TS_GP_ER_FMEERUSD_M.E00250","Month End USD per PKR","28-Feb-2001",".01657","USD","Normal",""
"Bank Floating Month End Exchange Rates  (USD per National Currency)","TS_GP_ER_FMEERUSD_M.E00250","Month End USD per PKR","31-Jan-2001",".016871","USD","Normal",""
"Bank Floating Month End Exchange Rates  (USD per National Currency)","TS_GP_ER_FMEERUSD_M.E00250","Month End USD per PKR","31-Dec-2000",".017245","USD","Normal",""
"Bank Floating Month End Exchange Rates  (USD per National Currency)","TS_GP_ER_FMEERUSD_M.E00250","Month End USD per PKR","30-Nov-2000",".017247","USD","Normal",""
"Bank Floating Month End Exchange Rates  (USD per National Currency)","TS_GP_ER_FMEERUSD_M.E00250","Month End USD per PKR","31-Oct-2000",".017411","USD","Normal",""
"Bank Floating Month End Exchange Rates  (USD per National Currency)","TS_GP_ER_FMEERUSD_M.E00250","Month End USD per PKR","30-Sep-2000",".017128","USD","Normal",""
"Bank Floating Month End Exchange Rates  (USD per National Currency)","TS_GP_ER_FMEERUSD_M.E00250","Month End USD per PKR","31-Aug-2000",".018237","USD","Normal",""
"Bank Floating Month End Exchange Rates  (USD per National Currency)","TS_GP_ER_FMEERUSD_M.E00250","Month End USD per PKR","31-Jul-2000",".018738","USD","Normal",""
"Bank Floating Month End Exchange Rates  (USD per National Currency)","TS_GP_ER_FMEERUSD_M.E00250","Month End USD per PKR","30-Jun-2000",".019172","USD","Normal",""
"Bank Floating Month End Exchange Rates  (USD per National Currency)","TS_GP_ER_FMEERUSD_M.E00250","Month End USD per PKR","31-May-2000",".019306","USD","Normal",""
"Bank Floating Month End Exchange Rates  (USD per National Currency)","TS_GP_ER_FMEERUSD_M.E00250","Month End USD per PKR","30-Apr-2000",".019308","USD","Normal",""
"Bank Floating Month End Exchange Rates  (USD per National Currency)","TS_GP_ER_FMEERUSD_M.E00250","Month End USD per PKR","31-Mar-2000",".019309","USD","Normal",""
"Bank Floating Month End Exchange Rates  (USD per National Currency)","TS_GP_ER_FMEERUSD_M.E00250","Month End USD per PKR","29-Feb-2000",".019306","USD","Normal",""
"Bank Floating Month End Exchange Rates  (USD per National Currency)","TS_GP_ER_FMEERUSD_M.E00250","Month End USD per PKR","31-Jan-2000",".019317","USD","Normal",""
"Bank Floating Month End Exchange Rates  (USD per National Currency)","TS_GP_ER_FMEERUSD_M.E00250","Month End USD per PKR","31-Dec-1999",".01932","USD","Normal",""
"Bank Floating Month End Exchange Rates  (USD per National Currency)","TS_GP_ER_FMEERUSD_M.E00250","Month End USD per PKR","30-Nov-1999",".019314","USD","Normal",""
"Bank Floating Month End Exchange Rates  (USD per National Currency)","TS_GP_ER_FMEERUSD_M.E00250","Month End USD per PKR","31-Oct-1999",".019323","USD","Normal",""
"Bank Floating Month End Exchange Rates  (USD per National Currency)","TS_GP_ER_FMEERUSD_M.E00250","Month End USD per PKR","30-Sep-1999",".019326","USD","Normal",""
"Bank Floating Month End Exchange Rates  (USD per National Currency)","TS_GP_ER_FMEERUSD_M.E00250","Month End USD per PKR","31-Aug-1999",".019324","USD","Normal",""
"Bank Floating Month End Exchange Rates  (USD per National Currency)","TS_GP_ER_FMEERUSD_M.E00250","Month End USD per PKR","31-Jul-1999",".019466","USD","Normal",""
"Bank Floating Month End Exchange Rates  (USD per National Currency)","TS_GP_ER_FMEERUSD_M.E00250","Month End USD per PKR","30-Jun-1999",".019395","USD","Normal",""
"Bank Floating Month End Exchange Rates  (USD per National Currency)","TS_GP_ER_FMEERUSD_M.E00250","Month End USD per PKR","31-May-1999",".019269","USD","Normal",""
"Bank Floating Month End Exchange Rates  (USD per National Currency)","TS_GP_ER_FMEERUSD_M.E00250","Month End USD per PKR","30-Apr-1999",".021685","USD","Normal",""
"Bank Floating Month End Exchange Rates  (USD per National Currency)","TS_GP_ER_FMEERUSD_M.E00250","Month End USD per PKR","31-Mar-1999",".021685","USD","Normal",""
"Bank Floating Month End Exchange Rates  (USD per National Currency)","TS_GP_ER_FMEERUSD_M.E00250","Month End USD per PKR","28-Feb-1999",".021685","USD","Normal",""
"Bank Floating Month End Exchange Rates  (USD per National Currency)","TS_GP_ER_FMEERUSD_M.E00250","Month End USD per PKR","31-Jan-1999",".021685","USD","Normal",""
"Bank Floating Month End Exchange Rates  (USD per National Currency)","TS_GP_ER_FMEERUSD_M.E00250","Month End USD per PKR","31-Dec-1998",".021685","USD","Normal",""
"Bank Floating Month End Exchange Rates  (USD per National Currency)","TS_GP_ER_FMEERUSD_M.E00250","Month End USD per PKR","30-Nov-1998",".021685","USD","Normal",""
"Bank Floating Month End Exchange Rates  (USD per National Currency)","TS_GP_ER_FMEERUSD_M.E00250","Month End USD per PKR","31-Oct-1998",".021685","USD","Normal",""
"Bank Floating Month End Exchange Rates  (USD per National Currency)","TS_GP_ER_FMEERUSD_M.E00250","Month End USD per PKR","30-Sep-1998",".021685","USD","Normal",""
"Bank Floating Month End Exchange Rates  (USD per National Currency)","TS_GP_ER_FMEERUSD_M.E00250","Month End USD per PKR","31-Aug-1998",".021685","USD","Normal",""
"Bank Floating Month End Exchange Rates  (USD per National Currency)","TS_GP_ER_FMEERUSD_M.E00250","Month End USD per PKR","31-Jul-1998",".021685","USD","Normal",""
"Bank Floating Month End Exchange Rates  (USD per National Currency)","TS_GP_ER_FMEERUSD_M.E00250","Month End USD per PKR","30-Jun-1998",".021627","USD","Normal",""
"Bank Floating Month End Exchange Rates  (USD per National Currency)","TS_GP_ER_FMEERUSD_M.E00250","Month End USD per PKR","31-May-1998",".022553","USD","Normal",""
"Bank Floating Month End Exchange Rates  (USD per National Currency)","TS_GP_ER_FMEERUSD_M.E00250","Month End USD per PKR","30-Apr-1998",".022651","USD","Normal",""
"Bank Floating Month End Exchange Rates  (USD per National Currency)","TS_GP_ER_FMEERUSD_M.E00250","Month End USD per PKR","31-Mar-1998",".022592","USD","Normal",""
"Bank Floating Month End Exchange Rates  (USD per National Currency)","TS_GP_ER_FMEERUSD_M.E00250","Month End USD per PKR","28-Feb-1998",".022645","USD","Normal",""
"Bank Floating Month End Exchange Rates  (USD per National Currency)","TS_GP_ER_FMEERUSD_M.E00250","Month End USD per PKR","31-Jan-1998",".022645","USD","Normal",""
"Bank Floating Month End Exchange Rates  (USD per National Currency)","TS_GP_ER_FMEERUSD_M.E00250","Month End USD per PKR","31-Dec-1997",".022645","USD","Normal",""
"Bank Floating Month End Exchange Rates  (USD per National Currency)","TS_GP_ER_FMEERUSD_M.E00250","Month End USD per PKR","30-Nov-1997",".022645","USD","Normal",""
"Bank Floating Month End Exchange Rates  (USD per National Currency)","TS_GP_ER_FMEERUSD_M.E00250","Month End USD per PKR","31-Oct-1997",".022645","USD","Normal",""
"Bank Floating Month End Exchange Rates  (USD per National Currency)","TS_GP_ER_FMEERUSD_M.E00250","Month End USD per PKR","30-Sep-1997",".024618","USD","Normal",""
"Bank Floating Month End Exchange Rates  (USD per National Currency)","TS_GP_ER_FMEERUSD_M.E00250","Month End USD per PKR","31-Aug-1997",".024618","USD","Normal",""
"Bank Floating Month End Exchange Rates  (USD per National Currency)","TS_GP_ER_FMEERUSD_M.E00250","Month End USD per PKR","31-Jul-1997",".024618","USD","Normal",""
"Bank Floating Month End Exchange Rates  (USD per National Currency)","TS_GP_ER_FMEERUSD_M.E00250","Month End USD per PKR","30-Jun-1997",".024654","USD","Normal",""
"Bank Floating Month End Exchange Rates  (USD per National Currency)","TS_GP_ER_FMEERUSD_M.E00250","Month End USD per PKR","31-May-1997",".024697","USD","Normal",""
"Bank Floating Month End Exchange Rates  (USD per National Currency)","TS_GP_ER_FMEERUSD_M.E00250","Month End USD per PKR","30-Apr-1997",".024789","USD","Normal",""
"Bank Floating Month End Exchange Rates  (USD per National Currency)","TS_GP_ER_FMEERUSD_M.E00250","Month End USD per PKR","31-Mar-1997",".024863","USD","Normal",""
"Bank Floating Month End Exchange Rates  (USD per National Currency)","TS_GP_ER_FMEERUSD_M.E00250","Month End USD per PKR","28-Feb-1997",".024863","USD","Normal",""
"Bank Floating Month End Exchange Rates  (USD per National Currency)","TS_GP_ER_FMEERUSD_M.E00250","Month End USD per PKR","31-Jan-1997",".024863","USD","Normal",""
"Bank Floating Month End Exchange Rates  (USD per National Currency)","TS_GP_ER_FMEERUSD_M.E00250","Month End USD per PKR","31-Dec-1996",".024863","USD","Normal",""
"Bank Floating Month End Exchange Rates  (USD per National Currency)","TS_GP_ER_FMEERUSD_M.E00250","Month End USD per PKR","30-Nov-1996",".024863","USD","Normal",""
"Bank Floating Month End Exchange Rates  (USD per National Currency)","TS_GP_ER_FMEERUSD_M.E00250","Month End USD per PKR","31-Oct-1996",".024863","USD","Normal",""
"Bank Floating Month End Exchange Rates  (USD per National Currency)","TS_GP_ER_FMEERUSD_M.E00250","Month End USD per PKR","30-Sep-1996",".026981","USD","Normal",""
"Bank Floating Month End Exchange Rates  (USD per National Currency)","TS_GP_ER_FMEERUSD_M.E00250","Month End USD per PKR","31-Aug-1996",".028004","USD","Normal",""
"Bank Floating Month End Exchange Rates  (USD per National Currency)","TS_GP_ER_FMEERUSD_M.E00250","Month End USD per PKR","31-Jul-1996",".028242","USD","Normal",""
"Bank Floating Month End Exchange Rates  (USD per National Currency)","TS_GP_ER_FMEERUSD_M.E00250","Month End USD per PKR","30-Jun-1996",".028419","USD","Normal",""
"Bank Floating Month End Exchange Rates  (USD per National Currency)","TS_GP_ER_FMEERUSD_M.E00250","Month End USD per PKR","31-May-1996",".028639","USD","Normal",""
"Bank Floating Month End Exchange Rates  (USD per National Currency)","TS_GP_ER_FMEERUSD_M.E00250","Month End USD per PKR","30-Apr-1996",".028705","USD","Normal",""
"Bank Floating Month End Exchange Rates  (USD per National Currency)","TS_GP_ER_FMEERUSD_M.E00250","Month End USD per PKR","31-Mar-1996",".028896","USD","Normal",""
"Bank Floating Month End Exchange Rates  (USD per National Currency)","TS_GP_ER_FMEERUSD_M.E00250","Month End USD per PKR","29-Feb-1996",".028996","USD","Normal",""
"Bank Floating Month End Exchange Rates  (USD per National Currency)","TS_GP_ER_FMEERUSD_M.E00250","Month End USD per PKR","31-Jan-1996",".029124","USD","Normal",""
"Bank Floating Month End Exchange Rates  (USD per National Currency)","TS_GP_ER_FMEERUSD_M.E00250","Month End USD per PKR","31-Dec-1995",".029124","USD","Normal",""
"Bank Floating Month End Exchange Rates  (USD per National Currency)","TS_GP_ER_FMEERUSD_M.E00250","Month End USD per PKR","30-Nov-1995",".029124","USD","Normal",""
"Bank Floating Month End Exchange Rates  (USD per National Currency)","TS_GP_ER_FMEERUSD_M.E00250","Month End USD per PKR","31-Oct-1995",".029124","USD","Normal",""
"Bank Floating Month End Exchange Rates  (USD per National Currency)","TS_GP_ER_FMEERUSD_M.E00250","Month End USD per PKR","30-Sep-1995",".031617","USD","Normal",""
"Bank Floating Month End Exchange Rates  (USD per National Currency)","TS_GP_ER_FMEERUSD_M.E00250","Month End USD per PKR","31-Aug-1995",".031849","USD","Normal",""
"Bank Floating Month End Exchange Rates  (USD per National Currency)","TS_GP_ER_FMEERUSD_M.E00250","Month End USD per PKR","31-Jul-1995",".031982","USD","Normal",""
"Bank Floating Month End Exchange Rates  (USD per National Currency)","TS_GP_ER_FMEERUSD_M.E00250","Month End USD per PKR","30-Jun-1995",".032167","USD","Normal",""
"Bank Floating Month End Exchange Rates  (USD per National Currency)","TS_GP_ER_FMEERUSD_M.E00250","Month End USD per PKR","31-May-1995",".032209","USD","Normal",""
"Bank Floating Month End Exchange Rates  (USD per National Currency)","TS_GP_ER_FMEERUSD_M.E00250","Month End USD per PKR","30-Apr-1995",".032324","USD","Normal",""
"Bank Floating Month End Exchange Rates  (USD per National Currency)","TS_GP_ER_FMEERUSD_M.E00250","Month End USD per PKR","31-Mar-1995",".032303","USD","Normal",""
"Bank Floating Month End Exchange Rates  (USD per National Currency)","TS_GP_ER_FMEERUSD_M.E00250","Month End USD per PKR","28-Feb-1995",".032303","USD","Normal",""
"Bank Floating Month End Exchange Rates  (USD per National Currency)","TS_GP_ER_FMEERUSD_M.E00250","Month End USD per PKR","31-Jan-1995",".032324","USD","Normal",""
"Bank Floating Month End Exchange Rates  (USD per National Currency)","TS_GP_ER_FMEERUSD_M.E00250","Month End USD per PKR","31-Dec-1994",".032387","USD","Normal",""
"Bank Floating Month End Exchange Rates  (USD per National Currency)","TS_GP_ER_FMEERUSD_M.E00250","Month End USD per PKR","30-Nov-1994",".032492","USD","Normal",""
"Bank Floating Month End Exchange Rates  (USD per National Currency)","TS_GP_ER_FMEERUSD_M.E00250","Month End USD per PKR","31-Oct-1994",".032543","USD","Normal",""
"Bank Floating Month End Exchange Rates  (USD per National Currency)","TS_GP_ER_FMEERUSD_M.E00250","Month End USD per PKR","30-Sep-1994",".032545","USD","Normal",""
"Bank Floating Month End Exchange Rates  (USD per National Currency)","TS_GP_ER_FMEERUSD_M.E00250","Month End USD per PKR","31-Aug-1994",".032609","USD","Normal",""
"Bank Floating Month End Exchange Rates  (USD per National Currency)","TS_GP_ER_FMEERUSD_M.E00250","Month End USD per PKR","31-Jul-1994",".032609","USD","Normal",""
"Bank Floating Month End Exchange Rates  (USD per National Currency)","TS_GP_ER_FMEERUSD_M.E00250","Month End USD per PKR","30-Jun-1994",".032588","USD","Normal",""
"Bank Floating Month End Exchange Rates  (USD per National Currency)","TS_GP_ER_FMEERUSD_M.E00250","Month End USD per PKR","31-May-1994",".032545","USD","Normal",""
"Bank Floating Month End Exchange Rates  (USD per National Currency)","TS_GP_ER_FMEERUSD_M.E00250","Month End USD per PKR","30-Apr-1994",".032651","USD","Normal",""
"Bank Floating Month End Exchange Rates  (USD per National Currency)","TS_GP_ER_FMEERUSD_M.E00250","Month End USD per PKR","31-Mar-1994",".032703","USD","Normal",""
"Bank Floating Month End Exchange Rates  (USD per National Currency)","TS_GP_ER_FMEERUSD_M.E00250","Month End USD per PKR","28-Feb-1994",".032737","USD","Normal",""
"Bank Floating Month End Exchange Rates  (USD per National Currency)","TS_GP_ER_FMEERUSD_M.E00250","Month End USD per PKR","31-Jan-1994",".032965","USD","Normal",""
"Bank Floating Month End Exchange Rates  (USD per National Currency)","TS_GP_ER_FMEERUSD_M.E00250","Month End USD per PKR","31-Dec-1993",".033118","USD","Normal",""
"Bank Floating Month End Exchange Rates  (USD per National Currency)","TS_GP_ER_FMEERUSD_M.E00250","Month End USD per PKR","30-Nov-1993",".033195","USD","Normal",""
"Bank Floating Month End Exchange Rates  (USD per National Currency)","TS_GP_ER_FMEERUSD_M.E00250","Month End USD per PKR","31-Oct-1993",".033195","USD","Normal",""
"Bank Floating Month End Exchange Rates  (USD per National Currency)","TS_GP_ER_FMEERUSD_M.E00250","Month End USD per PKR","30-Sep-1993",".033417","USD","Normal",""
"Bank Floating Month End Exchange Rates  (USD per National Currency)","TS_GP_ER_FMEERUSD_M.E00250","Month End USD per PKR","31-Aug-1993",".033417","USD","Normal",""
"Bank Floating Month End Exchange Rates  (USD per National Currency)","TS_GP_ER_FMEERUSD_M.E00250","Month End USD per PKR","31-Jul-1993",".033417","USD","Normal",""
"Bank Floating Month End Exchange Rates  (USD per National Currency)","TS_GP_ER_FMEERUSD_M.E00250","Month End USD per PKR","30-Jun-1993",".036727","USD","Normal",""
"Bank Floating Month End Exchange Rates  (USD per National Currency)","TS_GP_ER_FMEERUSD_M.E00250","Month End USD per PKR","31-May-1993",".037027","USD","Normal",""
"Bank Floating Month End Exchange Rates  (USD per National Currency)","TS_GP_ER_FMEERUSD_M.E00250","Month End USD per PKR","30-Apr-1993",".03736","USD","Normal",""
"Bank Floating Month End Exchange Rates  (USD per National Currency)","TS_GP_ER_FMEERUSD_M.E00250","Month End USD per PKR","31-Mar-1993",".03743","USD","Normal",""
"Bank Floating Month End Exchange Rates  (USD per National Currency)","TS_GP_ER_FMEERUSD_M.E00250","Month End USD per PKR","28-Feb-1993",".038","USD","Normal",""
"Bank Floating Month End Exchange Rates  (USD per National Currency)","TS_GP_ER_FMEERUSD_M.E00250","Month End USD per PKR","31-Jan-1993",".038366","USD","Normal",""
"Bank Floating Month End Exchange Rates  (USD per National Currency)","TS_GP_ER_FMEERUSD_M.E00250","Month End USD per PKR","31-Dec-1992",".038813","USD","Normal",""
"Bank Floating Month End Exchange Rates  (USD per National Currency)","TS_GP_ER_FMEERUSD_M.E00250","Month End USD per PKR","30-Nov-1992",".039011","USD","Normal",""
"Bank Floating Month End Exchange Rates  (USD per National Currency)","TS_GP_ER_FMEERUSD_M.E00250","Month End USD per PKR","31-Oct-1992",".039505","USD","Normal",""
"Bank Floating Month End Exchange Rates  (USD per National Currency)","TS_GP_ER_FMEERUSD_M.E00250","Month End USD per PKR","30-Sep-1992",".039773","USD","Normal",""
"Bank Floating Month End Exchange Rates  (USD per National Currency)","TS_GP_ER_FMEERUSD_M.E00250","Month End USD per PKR","31-Aug-1992",".039773","USD","Normal",""
"Bank Floating Month End Exchange Rates  (USD per National Currency)","TS_GP_ER_FMEERUSD_M.E00250","Month End USD per PKR","31-Jul-1992",".039694","USD","Normal",""
"Bank Floating Month End Exchange Rates  (USD per National Currency)","TS_GP_ER_FMEERUSD_M.E00250","Month End USD per PKR","30-Jun-1992",".039694","USD","Normal",""
"Bank Floating Month End Exchange Rates  (USD per National Currency)","TS_GP_ER_FMEERUSD_M.E00250","Month End USD per PKR","31-May-1992",".039741","USD","Normal",""
"Bank Floating Month End Exchange Rates  (USD per National Currency)","TS_GP_ER_FMEERUSD_M.E00250","Month End USD per PKR","30-Apr-1992",".03982","USD","Normal",""
"Bank Floating Month End Exchange Rates  (USD per National Currency)","TS_GP_ER_FMEERUSD_M.E00250","Month End USD per PKR","31-Mar-1992",".039932","USD","Normal",""
"Bank Floating Month End Exchange Rates  (USD per National Currency)","TS_GP_ER_FMEERUSD_M.E00250","Month End USD per PKR","29-Feb-1992",".040418","USD","Normal",""
"Bank Floating Month End Exchange Rates  (USD per National Currency)","TS_GP_ER_FMEERUSD_M.E00250","Month End USD per PKR","31-Jan-1992",".040467","USD","Normal",""
"Bank Floating Month End Exchange Rates  (USD per National Currency)","TS_GP_ER_FMEERUSD_M.E00250","Month End USD per PKR","31-Dec-1991",".040352","USD","Normal",""
"Bank Floating Month End Exchange Rates  (USD per National Currency)","TS_GP_ER_FMEERUSD_M.E00250","Month End USD per PKR","30-Nov-1991",".040352","USD","Normal",""
"Bank Floating Month End Exchange Rates  (USD per National Currency)","TS_GP_ER_FMEERUSD_M.E00250","Month End USD per PKR","31-Oct-1991",".040418","USD","Normal",""
"Bank Floating Month End Exchange Rates  (USD per National Currency)","TS_GP_ER_FMEERUSD_M.E00250","Month End USD per PKR","30-Sep-1991",".040549","USD","Normal",""
"Bank Floating Month End Exchange Rates  (USD per National Currency)","TS_GP_ER_FMEERUSD_M.E00250","Month End USD per PKR","31-Aug-1991",".040385","USD","Normal",""
"Bank Floating Month End Exchange Rates  (USD per National Currency)","TS_GP_ER_FMEERUSD_M.E00250","Month End USD per PKR","31-Jul-1991",".040467","USD","Normal",""
"Bank Floating Month End Exchange Rates  (USD per National Currency)","TS_GP_ER_FMEERUSD_M.E00250","Month End USD per PKR","30-Jun-1991",".04105","USD","Normal",""
"Bank Floating Month End Exchange Rates  (USD per National Currency)","TS_GP_ER_FMEERUSD_M.E00250","Month End USD per PKR","31-May-1991",".041912","USD","Normal",""
"Bank Floating Month End Exchange Rates  (USD per National Currency)","TS_GP_ER_FMEERUSD_M.E00250","Month End USD per PKR","30-Apr-1991",".042447","USD","Normal",""
"Bank Floating Month End Exchange Rates  (USD per National Currency)","TS_GP_ER_FMEERUSD_M.E00250","Month End USD per PKR","31-Mar-1991",".043464","USD","Normal",""
"Bank Floating Month End Exchange Rates  (USD per National Currency)","TS_GP_ER_FMEERUSD_M.E00250","Month End USD per PKR","28-Feb-1991",".045034","USD","Normal",""
"Bank Floating Month End Exchange Rates  (USD per National Currency)","TS_GP_ER_FMEERUSD_M.E00250","Month End USD per PKR","31-Jan-1991",".045034","USD","Normal",""
"Bank Floating Month End Exchange Rates  (USD per National Currency)","TS_GP_ER_FMEERUSD_M.E00250","Month End USD per PKR","31-Dec-1990",".045548","USD","Normal",""
"Bank Floating Month End Exchange Rates  (USD per National Currency)","TS_GP_ER_FMEERUSD_M.E00250","Month End USD per PKR","30-Nov-1990",".045652","USD","Normal",""
"Bank Floating Month End Exchange Rates  (USD per National Currency)","TS_GP_ER_FMEERUSD_M.E00250","Month End USD per PKR","31-Oct-1990",".045652","USD","Normal",""
"Bank Floating Month End Exchange Rates  (USD per National Currency)","TS_GP_ER_FMEERUSD_M.E00250","Month End USD per PKR","30-Sep-1990",".045883","USD","Normal",""
"Bank Floating Month End Exchange Rates  (USD per National Currency)","TS_GP_ER_FMEERUSD_M.E00250","Month End USD per PKR","31-Aug-1990",".045883","USD","Normal",""
"Bank Floating Month End Exchange Rates  (USD per National Currency)","TS_GP_ER_FMEERUSD_M.E00250","Month End USD per PKR","31-Jul-1990",".045926","USD","Normal",""
"Bank Floating Month End Exchange Rates  (USD per National Currency)","TS_GP_ER_FMEERUSD_M.E00250","Month End USD per PKR","30-Jun-1990",".045778","USD","Normal",""
"Bank Floating Month End Exchange Rates  (USD per National Currency)","TS_GP_ER_FMEERUSD_M.E00250","Month End USD per PKR","31-May-1990",".045548","USD","Normal",""
"Bank Floating Month End Exchange Rates  (USD per National Currency)","TS_GP_ER_FMEERUSD_M.E00250","Month End USD per PKR","30-Apr-1990",".045631","USD","Normal",""
"Bank Floating Month End Exchange Rates  (USD per National Currency)","TS_GP_ER_FMEERUSD_M.E00250","Month End USD per PKR","31-Mar-1990",".046353","USD","Normal",""
"Bank Floating Month End Exchange Rates  (USD per National Currency)","TS_GP_ER_FMEERUSD_M.E00250","Month End USD per PKR","28-Feb-1990",".046569","USD","Normal",""
"Bank Floating Month End Exchange Rates  (USD per National Currency)","TS_GP_ER_FMEERUSD_M.E00250","Month End USD per PKR","31-Jan-1990",".046569","USD","Normal",""
"Bank Floating Month End Exchange Rates  (USD per National Currency)","TS_GP_ER_FMEERUSD_M.E00250","Month End USD per PKR","31-Dec-1989",".046569","USD","Normal",""
"Bank Floating Month End Exchange Rates  (USD per National Currency)","TS_GP_ER_FMEERUSD_M.E00250","Month End USD per PKR","30-Nov-1989",".046722","USD","Normal",""
"Bank Floating Month End Exchange Rates  (USD per National Currency)","TS_GP_ER_FMEERUSD_M.E00250","Month End USD per PKR","31-Oct-1989",".047074","USD","Normal",""
"Bank Floating Month End Exchange Rates  (USD per National Currency)","TS_GP_ER_FMEERUSD_M.E00250","Month End USD per PKR","30-Sep-1989",".047342","USD","Normal",""
"Bank Floating Month End Exchange Rates  (USD per National Currency)","TS_GP_ER_FMEERUSD_M.E00250","Month End USD per PKR","31-Aug-1989",".047387","USD","Normal",""
"Bank Floating Month End Exchange Rates  (USD per National Currency)","TS_GP_ER_FMEERUSD_M.E00250","Month End USD per PKR","31-Jul-1989",".047387","USD","Normal",""
"Bank Floating Month End Exchange Rates  (USD per National Currency)","TS_GP_ER_FMEERUSD_M.E00250","Month End USD per PKR","30-Jun-1989",".047275","USD","Normal",""
"Bank Floating Month End Exchange Rates  (USD per National Currency)","TS_GP_ER_FMEERUSD_M.E00250","Month End USD per PKR","31-May-1989",".047275","USD","Normal",""
"Bank Floating Month End Exchange Rates  (USD per National Currency)","TS_GP_ER_FMEERUSD_M.E00250","Month End USD per PKR","30-Apr-1989",".049504","USD","Normal",""
"Bank Floating Month End Exchange Rates  (USD per National Currency)","TS_GP_ER_FMEERUSD_M.E00250","Month End USD per PKR","31-Mar-1989",".050507","USD","Normal",""
"Bank Floating Month End Exchange Rates  (USD per National Currency)","TS_GP_ER_FMEERUSD_M.E00250","Month End USD per PKR","28-Feb-1989",".051684","USD","Normal",""
"Bank Floating Month End Exchange Rates  (USD per National Currency)","TS_GP_ER_FMEERUSD_M.E00250","Month End USD per PKR","31-Jan-1989",".052225","USD","Normal",""
"Bank Floating Month End Exchange Rates  (USD per National Currency)","TS_GP_ER_FMEERUSD_M.E00250","Month End USD per PKR","31-Dec-1988",".053485","USD","Normal",""
"Bank Floating Month End Exchange Rates  (USD per National Currency)","TS_GP_ER_FMEERUSD_M.E00250","Month End USD per PKR","30-Nov-1988",".053342","USD","Normal",""
"Bank Floating Month End Exchange Rates  (USD per National Currency)","TS_GP_ER_FMEERUSD_M.E00250","Month End USD per PKR","31-Oct-1988",".053774","USD","Normal",""
"Bank Floating Month End Exchange Rates  (USD per National Currency)","TS_GP_ER_FMEERUSD_M.E00250","Month End USD per PKR","30-Sep-1988",".05436","USD","Normal",""
"Bank Floating Month End Exchange Rates  (USD per National Currency)","TS_GP_ER_FMEERUSD_M.E00250","Month End USD per PKR","31-Aug-1988",".054508","USD","Normal",""
"Bank Floating Month End Exchange Rates  (USD per National Currency)","TS_GP_ER_FMEERUSD_M.E00250","Month End USD per PKR","31-Jul-1988",".054959","USD","Normal",""
"Bank Floating Month End Exchange Rates  (USD per National Currency)","TS_GP_ER_FMEERUSD_M.E00250","Month End USD per PKR","30-Jun-1988",".055417","USD","Normal",""
"Bank Floating Month End Exchange Rates  (USD per National Currency)","TS_GP_ER_FMEERUSD_M.E00250","Month End USD per PKR","31-May-1988",".056356","USD","Normal",""
"Bank Floating Month End Exchange Rates  (USD per National Currency)","TS_GP_ER_FMEERUSD_M.E00250","Month End USD per PKR","30-Apr-1988",".056676","USD","Normal",""
"Bank Floating Month End Exchange Rates  (USD per National Currency)","TS_GP_ER_FMEERUSD_M.E00250","Month End USD per PKR","31-Mar-1988",".056676","USD","Normal",""
"Bank Floating Month End Exchange Rates  (USD per National Currency)","TS_GP_ER_FMEERUSD_M.E00250","Month End USD per PKR","29-Feb-1988",".056838","USD","Normal",""
"Bank Floating Month End Exchange Rates  (USD per National Currency)","TS_GP_ER_FMEERUSD_M.E00250","Month End USD per PKR","31-Jan-1988",".057","USD","Normal",""
"Bank Floating Month End Exchange Rates  (USD per National Currency)","TS_GP_ER_FMEERUSD_M.E00250","Month End USD per PKR","31-Dec-1987",".057163","USD","Normal",""
"Bank Floating Month End Exchange Rates  (USD per National Currency)","TS_GP_ER_FMEERUSD_M.E00250","Month End USD per PKR","30-Nov-1987",".057","USD","Normal",""
"Bank Floating Month End Exchange Rates  (USD per National Currency)","TS_GP_ER_FMEERUSD_M.E00250","Month End USD per PKR","31-Oct-1987",".056903","USD","Normal",""
"Bank Floating Month End Exchange Rates  (USD per National Currency)","TS_GP_ER_FMEERUSD_M.E00250","Month End USD per PKR","30-Sep-1987",".056935","USD","Normal",""
"Bank Floating Month End Exchange Rates  (USD per National Currency)","TS_GP_ER_FMEERUSD_M.E00250","Month End USD per PKR","31-Aug-1987",".056935","USD","Normal",""
"Bank Floating Month End Exchange Rates  (USD per National Currency)","TS_GP_ER_FMEERUSD_M.E00250","Month End USD per PKR","31-Jul-1987",".057","USD","Normal",""
"Bank Floating Month End Exchange Rates  (USD per National Currency)","TS_GP_ER_FMEERUSD_M.E00250","Month End USD per PKR","30-Jun-1987",".057493","USD","Normal",""
"Bank Floating Month End Exchange Rates  (USD per National Currency)","TS_GP_ER_FMEERUSD_M.E00250","Month End USD per PKR","31-May-1987",".057659","USD","Normal",""
"Bank Floating Month End Exchange Rates  (USD per National Currency)","TS_GP_ER_FMEERUSD_M.E00250","Month End USD per PKR","30-Apr-1987",".057659","USD","Normal",""
"Bank Floating Month End Exchange Rates  (USD per National Currency)","TS_GP_ER_FMEERUSD_M.E00250","Month End USD per PKR","31-Mar-1987",".057777","USD","Normal",""
"Bank Floating Month End Exchange Rates  (USD per National Currency)","TS_GP_ER_FMEERUSD_M.E00250","Month End USD per PKR","28-Feb-1987",".057945","USD","Normal",""
"Bank Floating Month End Exchange Rates  (USD per National Currency)","TS_GP_ER_FMEERUSD_M.E00250","Month End USD per PKR","31-Jan-1987",".057945","USD","Normal",""
"Bank Floating Month End Exchange Rates  (USD per National Currency)","TS_GP_ER_FMEERUSD_M.E00250","Month End USD per PKR","31-Dec-1986",".057945","USD","Normal",""
"Bank Floating Month End Exchange Rates  (USD per National Currency)","TS_GP_ER_FMEERUSD_M.E00250","Month End USD per PKR","30-Nov-1986",".057945","USD","Normal",""
"Bank Floating Month End Exchange Rates  (USD per National Currency)","TS_GP_ER_FMEERUSD_M.E00250","Month End USD per PKR","31-Oct-1986",".058453","USD","Normal",""
"Bank Floating Month End Exchange Rates  (USD per National Currency)","TS_GP_ER_FMEERUSD_M.E00250","Month End USD per PKR","30-Sep-1986",".058797","USD","Normal",""
"Bank Floating Month End Exchange Rates  (USD per National Currency)","TS_GP_ER_FMEERUSD_M.E00250","Month End USD per PKR","31-Aug-1986",".05897","USD","Normal",""
"Bank Floating Month End Exchange Rates  (USD per National Currency)","TS_GP_ER_FMEERUSD_M.E00250","Month End USD per PKR","31-Jul-1986",".059144","USD","Normal",""
"Bank Floating Month End Exchange Rates  (USD per National Currency)","TS_GP_ER_FMEERUSD_M.E00250","Month End USD per PKR","30-Jun-1986",".059425","USD","Normal",""
"Bank Floating Month End Exchange Rates  (USD per National Currency)","TS_GP_ER_FMEERUSD_M.E00250","Month End USD per PKR","31-May-1986",".059214","USD","Normal",""
"Bank Floating Month End Exchange Rates  (USD per National Currency)","TS_GP_ER_FMEERUSD_M.E00250","Month End USD per PKR","30-Apr-1986",".061471","USD","Normal",""
"Bank Floating Month End Exchange Rates  (USD per National Currency)","TS_GP_ER_FMEERUSD_M.E00250","Month End USD per PKR","31-Mar-1986",".062548","USD","Normal",""
"Bank Floating Month End Exchange Rates  (USD per National Currency)","TS_GP_ER_FMEERUSD_M.E00250","Month End USD per PKR","28-Feb-1986",".062548","USD","Normal",""
"Bank Floating Month End Exchange Rates  (USD per National Currency)","TS_GP_ER_FMEERUSD_M.E00250","Month End USD per PKR","31-Jan-1986",".062548","USD","Normal",""
"Bank Floating Month End Exchange Rates  (USD per National Currency)","TS_GP_ER_FMEERUSD_M.E00250","Month End USD per PKR","31-Dec-1985",".062548","USD","Normal",""
"Bank Floating Month End Exchange Rates  (USD per National Currency)","TS_GP_ER_FMEERUSD_M.E00250","Month End USD per PKR","30-Nov-1985",".062548","USD","Normal",""
"Bank Floating Month End Exchange Rates  (USD per National Currency)","TS_GP_ER_FMEERUSD_M.E00250","Month End USD per PKR","31-Oct-1985",".062548","USD","Normal",""
"Bank Floating Month End Exchange Rates  (USD per National Currency)","TS_GP_ER_FMEERUSD_M.E00250","Month End USD per PKR","30-Sep-1985",".062275","USD","Normal",""
"Bank Floating Month End Exchange Rates  (USD per National Currency)","TS_GP_ER_FMEERUSD_M.E00250","Month End USD per PKR","31-Aug-1985",".062862","USD","Normal",""
"Bank Floating Month End Exchange Rates  (USD per National Currency)","TS_GP_ER_FMEERUSD_M.E00250","Month End USD per PKR","31-Jul-1985",".06247","USD","Normal",""
"Bank Floating Month End Exchange Rates  (USD per National Currency)","TS_GP_ER_FMEERUSD_M.E00250","Month End USD per PKR","30-Jun-1985",".06247","USD","Normal",""
"Bank Floating Month End Exchange Rates  (USD per National Currency)","TS_GP_ER_FMEERUSD_M.E00250","Month End USD per PKR","31-May-1985",".06247","USD","Normal",""
"Bank Floating Month End Exchange Rates  (USD per National Currency)","TS_GP_ER_FMEERUSD_M.E00250","Month End USD per PKR","30-Apr-1985",".06247","USD","Normal",""
"Bank Floating Month End Exchange Rates  (USD per National Currency)","TS_GP_ER_FMEERUSD_M.E00250","Month End USD per PKR","31-Mar-1985",".062862","USD","Normal",""
"Bank Floating Month End Exchange Rates  (USD per National Currency)","TS_GP_ER_FMEERUSD_M.E00250","Month End USD per PKR","28-Feb-1985",".062392","USD","Normal",""
"Bank Floating Month End Exchange Rates  (USD per National Currency)","TS_GP_ER_FMEERUSD_M.E00250","Month End USD per PKR","31-Jan-1985",".064484","USD","Normal",""
"Bank Floating Month End Exchange Rates  (USD per National Currency)","TS_GP_ER_FMEERUSD_M.E00250","Month End USD per PKR","31-Dec-1984",".065071","USD","Normal",""
"Bank Floating Month End Exchange Rates  (USD per National Currency)","TS_GP_ER_FMEERUSD_M.E00250","Month End USD per PKR","30-Nov-1984",".06681","USD","Normal",""
"Bank Floating Month End Exchange Rates  (USD per National Currency)","TS_GP_ER_FMEERUSD_M.E00250","Month End USD per PKR","31-Oct-1984",".067807","USD","Normal",""
"Bank Floating Month End Exchange Rates  (USD per National Currency)","TS_GP_ER_FMEERUSD_M.E00250","Month End USD per PKR","30-Sep-1984",".069794","USD","Normal",""
"Bank Floating Month End Exchange Rates  (USD per National Currency)","TS_GP_ER_FMEERUSD_M.E00250","Month End USD per PKR","31-Aug-1984",".071135","USD","Normal",""
"Bank Floating Month End Exchange Rates  (USD per National Currency)","TS_GP_ER_FMEERUSD_M.E00250","Month End USD per PKR","31-Jul-1984",".070732","USD","Normal",""
"Bank Floating Month End Exchange Rates  (USD per National Currency)","TS_GP_ER_FMEERUSD_M.E00250","Month End USD per PKR","30-Jun-1984",".071491","USD","Normal",""
"Bank Floating Month End Exchange Rates  (USD per National Currency)","TS_GP_ER_FMEERUSD_M.E00250","Month End USD per PKR","31-May-1984",".071954","USD","Normal",""
"Bank Floating Month End Exchange Rates  (USD per National Currency)","TS_GP_ER_FMEERUSD_M.E00250","Month End USD per PKR","30-Apr-1984",".073433","USD","Normal",""
"Bank Floating Month End Exchange Rates  (USD per National Currency)","TS_GP_ER_FMEERUSD_M.E00250","Month End USD per PKR","31-Mar-1984",".074583","USD","Normal",""
"Bank Floating Month End Exchange Rates  (USD per National Currency)","TS_GP_ER_FMEERUSD_M.E00250","Month End USD per PKR","29-Feb-1984",".074583","USD","Normal",""
"Bank Floating Month End Exchange Rates  (USD per National Currency)","TS_GP_ER_FMEERUSD_M.E00250","Month End USD per PKR","31-Jan-1984",".073218","USD","Normal",""
"Bank Floating Month End Exchange Rates  (USD per National Currency)","TS_GP_ER_FMEERUSD_M.E00250","Month End USD per PKR","31-Dec-1983",".074031","USD","Normal",""
"Bank Floating Month End Exchange Rates  (USD per National Currency)","TS_GP_ER_FMEERUSD_M.E00250","Month End USD per PKR","30-Nov-1983",".075541","USD","Normal",""
"Bank Floating Month End Exchange Rates  (USD per National Currency)","TS_GP_ER_FMEERUSD_M.E00250","Month End USD per PKR","31-Oct-1983",".075541","USD","Normal",""
"Bank Floating Month End Exchange Rates  (USD per National Currency)","TS_GP_ER_FMEERUSD_M.E00250","Month End USD per PKR","30-Sep-1983",".074583","USD","Normal",""
"Bank Floating Month End Exchange Rates  (USD per National Currency)","TS_GP_ER_FMEERUSD_M.E00250","Month End USD per PKR","31-Aug-1983",".074583","USD","Normal",""
"Bank Floating Month End Exchange Rates  (USD per National Currency)","TS_GP_ER_FMEERUSD_M.E00250","Month End USD per PKR","31-Jul-1983",".075144","USD","Normal",""
"Bank Floating Month End Exchange Rates  (USD per National Currency)","TS_GP_ER_FMEERUSD_M.E00250","Month End USD per PKR","30-Jun-1983",".075885","USD","Normal",""
"Bank Floating Month End Exchange Rates  (USD per National Currency)","TS_GP_ER_FMEERUSD_M.E00250","Month End USD per PKR","31-May-1983",".077473","USD","Normal",""
"Bank Floating Month End Exchange Rates  (USD per National Currency)","TS_GP_ER_FMEERUSD_M.E00250","Month End USD per PKR","30-Apr-1983",".077473","USD","Normal",""
"Bank Floating Month End Exchange Rates  (USD per National Currency)","TS_GP_ER_FMEERUSD_M.E00250","Month End USD per PKR","31-Mar-1983",".076995","USD","Normal",""
"Bank Floating Month End Exchange Rates  (USD per National Currency)","TS_GP_ER_FMEERUSD_M.E00250","Month End USD per PKR","28-Feb-1983",".078077","USD","Normal",""
"Bank Floating Month End Exchange Rates  (USD per National Currency)","TS_GP_ER_FMEERUSD_M.E00250","Month End USD per PKR","31-Jan-1983",".077473","USD","Normal",""
"Bank Floating Month End Exchange Rates  (USD per National Currency)","TS_GP_ER_FMEERUSD_M.E00250","Month End USD per PKR","31-Dec-1982",".077834","USD","Normal",""
"Bank Floating Month End Exchange Rates  (USD per National Currency)","TS_GP_ER_FMEERUSD_M.E00250","Month End USD per PKR","30-Nov-1982",".078568","USD","Normal",""
"Bank Floating Month End Exchange Rates  (USD per National Currency)","TS_GP_ER_FMEERUSD_M.E00250","Month End USD per PKR","31-Oct-1982",".078568","USD","Normal",""
"Bank Floating Month End Exchange Rates  (USD per National Currency)","TS_GP_ER_FMEERUSD_M.E00250","Month End USD per PKR","30-Sep-1982",".080465","USD","Normal",""
"Bank Floating Month End Exchange Rates  (USD per National Currency)","TS_GP_ER_FMEERUSD_M.E00250","Month End USD per PKR","31-Aug-1982",".081052","USD","Normal",""
"Bank Floating Month End Exchange Rates  (USD per National Currency)","TS_GP_ER_FMEERUSD_M.E00250","Month End USD per PKR","31-Jul-1982",".082252","USD","Normal",""
"Bank Floating Month End Exchange Rates  (USD per National Currency)","TS_GP_ER_FMEERUSD_M.E00250","Month End USD per PKR","30-Jun-1982",".081915","USD","Normal",""
"Bank Floating Month End Exchange Rates  (USD per National Currency)","TS_GP_ER_FMEERUSD_M.E00250","Month End USD per PKR","31-May-1982",".085267","USD","Normal",""
"Bank Floating Month End Exchange Rates  (USD per National Currency)","TS_GP_ER_FMEERUSD_M.E00250","Month End USD per PKR","30-Apr-1982",".086075","USD","Normal",""
"Bank Floating Month End Exchange Rates  (USD per National Currency)","TS_GP_ER_FMEERUSD_M.E00250","Month End USD per PKR","31-Mar-1982",".087201","USD","Normal",""
"Bank Floating Month End Exchange Rates  (USD per National Currency)","TS_GP_ER_FMEERUSD_M.E00250","Month End USD per PKR","28-Feb-1982",".09151","USD","Normal",""
"Bank Floating Month End Exchange Rates  (USD per National Currency)","TS_GP_ER_FMEERUSD_M.E00250","Month End USD per PKR","31-Jan-1982",".095806","USD","Normal",""
"Bank Floating Month End Exchange Rates  (USD per National Currency)","TS_GP_ER_FMEERUSD_M.E00250","Month End USD per PKR","31-Dec-1981",".100931","USD","Normal",""
"Bank Floating Month End Exchange Rates  (USD per National Currency)","TS_GP_ER_FMEERUSD_M.E00250","Month End USD per PKR","30-Nov-1981",".100931","USD","Normal",""
"Bank Floating Month End Exchange Rates  (USD per National Currency)","TS_GP_ER_FMEERUSD_M.E00250","Month End USD per PKR","31-Oct-1981",".100931","USD","Normal",""
"Bank Floating Month End Exchange Rates  (USD per National Currency)","TS_GP_ER_FMEERUSD_M.E00250","Month End USD per PKR","30-Sep-1981",".100931","USD","Normal",""
"Bank Floating Month End Exchange Rates  (USD per National Currency)","TS_GP_ER_FMEERUSD_M.E00250","Month End USD per PKR","31-Aug-1981",".100931","USD","Normal",""
"Bank Floating Month End Exchange Rates  (USD per National Currency)","TS_GP_ER_FMEERUSD_M.E00250","Month End USD per PKR","31-Jul-1981",".100931","USD","Normal",""
"Bank Floating Month End Exchange Rates  (USD per National Currency)","TS_GP_ER_FMEERUSD_M.E00250","Month End USD per PKR","30-Jun-1981",".100931","USD","Normal",""
"Bank Floating Month End Exchange Rates  (USD per National Currency)","TS_GP_ER_FMEERUSD_M.E00250","Month End USD per PKR","31-May-1981",".100931","USD","Normal",""
"Bank Floating Month End Exchange Rates  (USD per National Currency)","TS_GP_ER_FMEERUSD_M.E00250","Month End USD per PKR","30-Apr-1981",".100931","USD","Normal",""
"Bank Floating Month End Exchange Rates  (USD per National Currency)","TS_GP_ER_FMEERUSD_M.E00250","Month End USD per PKR","31-Mar-1981",".100931","USD","Normal",""
"Bank Floating Month End Exchange Rates  (USD per National Currency)","TS_GP_ER_FMEERUSD_M.E00250","Month End USD per PKR","28-Feb-1981",".100931","USD","Normal",""
"Bank Floating Month End Exchange Rates  (USD per National Currency)","TS_GP_ER_FMEERUSD_M.E00250","Month End USD per PKR","31-Jan-1981",".100931","USD","Normal",""
"Bank Floating Month End Exchange Rates  (USD per National Currency)","TS_GP_ER_FMEERUSD_M.E00250","Month End USD per PKR","31-Dec-1980",".100931","USD","Normal",""
"Bank Floating Month End Exchange Rates  (USD per National Currency)","TS_GP_ER_FMEERUSD_M.E00250","Month End USD per PKR","30-Nov-1980",".100931","USD","Normal",""
"Bank Floating Month End Exchange Rates  (USD per National Currency)","TS_GP_ER_FMEERUSD_M.E00250","Month End USD per PKR","31-Oct-1980",".100931","USD","Normal",""
"Bank Floating Month End Exchange Rates  (USD per National Currency)","TS_GP_ER_FMEERUSD_M.E00250","Month End USD per PKR","30-Sep-1980",".100931","USD","Normal",""
"Bank Floating Month End Exchange Rates  (USD per National Currency)","TS_GP_ER_FMEERUSD_M.E00250","Month End USD per PKR","31-Aug-1980",".100931","USD","Normal",""
"Bank Floating Month End Exchange Rates  (USD per National Currency)","TS_GP_ER_FMEERUSD_M.E00250","Month End USD per PKR","31-Jul-1980",".100931","USD","Normal",""
"Bank Floating Month End Exchange Rates  (USD per National Currency)","TS_GP_ER_FMEERUSD_M.E00250","Month End USD per PKR","30-Jun-1980",".100931","USD","Normal",""
"Bank Floating Month End Exchange Rates  (USD per National Currency)","TS_GP_ER_FMEERUSD_M.E00250","Month End USD per PKR","31-May-1980",".100931","USD","Normal",""
"Bank Floating Month End Exchange Rates  (USD per National Currency)","TS_GP_ER_FMEERUSD_M.E00250","Month End USD per PKR","30-Apr-1980",".100931","USD","Normal",""
"Bank Floating Month End Exchange Rates  (USD per National Currency)","TS_GP_ER_FMEERUSD_M.E00250","Month End USD per PKR","31-Mar-1980",".100931","USD","Normal",""
"Bank Floating Month End Exchange Rates  (USD per National Currency)","TS_GP_ER_FMEERUSD_M.E00250","Month End USD per PKR","29-Feb-1980",".100931","USD","Normal",""
"Bank Floating Month End Exchange Rates  (USD per National Currency)","TS_GP_ER_FMEERUSD_M.E00250","Month End USD per PKR","31-Jan-1980",".100931","USD","Normal",""
"Bank Floating Month End Exchange Rates  (USD per National Currency)","TS_GP_ER_FMEERUSD_M.E00250","Month End USD per PKR","31-Dec-1979",".100931","USD","Normal",""
"Bank Floating Month End Exchange Rates  (USD per National Currency)","TS_GP_ER_FMEERUSD_M.E00250","Month End USD per PKR","30-Nov-1979",".100931","USD","Normal",""
"Bank Floating Month End Exchange Rates  (USD per National Currency)","TS_GP_ER_FMEERUSD_M.E00250","Month End USD per PKR","31-Oct-1979",".100931","USD","Normal",""
"Bank Floating Month End Exchange Rates  (USD per National Currency)","TS_GP_ER_FMEERUSD_M.E00250","Month End USD per PKR","30-Sep-1979",".100931","USD","Normal",""
"Bank Floating Month End Exchange Rates  (USD per National Currency)","TS_GP_ER_FMEERUSD_M.E00250","Month End USD per PKR","31-Aug-1979",".100931","USD","Normal",""
"Bank Floating Month End Exchange Rates  (USD per National Currency)","TS_GP_ER_FMEERUSD_M.E00250","Month End USD per PKR","31-Jul-1979",".100931","USD","Normal",""
"Bank Floating Month End Exchange Rates  (USD per National Currency)","TS_GP_ER_FMEERUSD_M.E00250","Month End USD per PKR","30-Jun-1979",".100931","USD","Normal",""
"Bank Floating Month End Exchange Rates  (USD per National Currency)","TS_GP_ER_FMEERUSD_M.E00250","Month End USD per PKR","31-May-1979",".100931","USD","Normal",""
"Bank Floating Month End Exchange Rates  (USD per National Currency)","TS_GP_ER_FMEERUSD_M.E00250","Month End USD per PKR","30-Apr-1979",".100931","USD","Normal",""
"Bank Floating Month End Exchange Rates  (USD per National Currency)","TS_GP_ER_FMEERUSD_M.E00250","Month End USD per PKR","31-Mar-1979",".100931","USD","Normal",""
"Bank Floating Month End Exchange Rates  (USD per National Currency)","TS_GP_ER_FMEERUSD_M.E00250","Month End USD per PKR","28-Feb-1979",".100931","USD","Normal",""
"Bank Floating Month End Exchange Rates  (USD per National Currency)","TS_GP_ER_FMEERUSD_M.E00250","Month End USD per PKR","31-Jan-1979",".100931","USD","Normal",""
"Bank Floating Month End Exchange Rates  (USD per National Currency)","TS_GP_ER_FMEERUSD_M.E00250","Month End USD per PKR","31-Dec-1978",".100931","USD","Normal",""
"Bank Floating Month End Exchange Rates  (USD per National Currency)","TS_GP_ER_FMEERUSD_M.E00250","Month End USD per PKR","30-Nov-1978",".100931","USD","Normal",""
"Bank Floating Month End Exchange Rates  (USD per National Currency)","TS_GP_ER_FMEERUSD_M.E00250","Month End USD per PKR","31-Oct-1978",".100931","USD","Normal",""
"Bank Floating Month End Exchange Rates  (USD per National Currency)","TS_GP_ER_FMEERUSD_M.E00250","Month End USD per PKR","30-Sep-1978",".100931","USD","Normal",""
"Bank Floating Month End Exchange Rates  (USD per National Currency)","TS_GP_ER_FMEERUSD_M.E00250","Month End USD per PKR","31-Aug-1978",".100931","USD","Normal",""
"Bank Floating Month End Exchange Rates  (USD per National Currency)","TS_GP_ER_FMEERUSD_M.E00250","Month End USD per PKR","31-Jul-1978",".100931","USD","Normal",""
"Bank Floating Month End Exchange Rates  (USD per National Currency)","TS_GP_ER_FMEERUSD_M.E00250","Month End USD per PKR","30-Jun-1978",".100931","USD","Normal",""
"Bank Floating Month End Exchange Rates  (USD per National Currency)","TS_GP_ER_FMEERUSD_M.E00250","Month End USD per PKR","31-May-1978",".100931","USD","Normal",""
"Bank Floating Month End Exchange Rates  (USD per National Currency)","TS_GP_ER_FMEERUSD_M.E00250","Month End USD per PKR","30-Apr-1978",".100931","USD","Normal",""
"Bank Floating Month End Exchange Rates  (USD per National Currency)","TS_GP_ER_FMEERUSD_M.E00250","Month End USD per PKR","31-Mar-1978",".100931","USD","Normal",""
"Bank Floating Month End Exchange Rates  (USD per National Currency)","TS_GP_ER_FMEERUSD_M.E00250","Month End USD per PKR","28-Feb-1978",".100931","USD","Normal",""
"Bank Floating Month End Exchange Rates  (USD per National Currency)","TS_GP_ER_FMEERUSD_M.E00250","Month End USD per PKR","31-Jan-1978",".100931","USD","Normal",""
"Bank Floating Month End Exchange Rates  (USD per National Currency)","TS_GP_ER_FMEERUSD_M.E00250","Month End USD per PKR","31-Dec-1977",".100931","USD","Normal",""
"Bank Floating Month End Exchange Rates  (USD per National Currency)","TS_GP_ER_FMEERUSD_M.E00250","Month End USD per PKR","30-Nov-1977",".100931","USD","Normal",""
"Bank Floating Month End Exchange Rates  (USD per National Currency)","TS_GP_ER_FMEERUSD_M.E00250","Month End USD per PKR","31-Oct-1977",".100931","USD","Normal",""
"Bank Floating Month End Exchange Rates  (USD per National Currency)","TS_GP_ER_FMEERUSD_M.E00250","Month End USD per PKR","30-Sep-1977",".100931","USD","Normal",""
"Bank Floating Month End Exchange Rates  (USD per National Currency)","TS_GP_ER_FMEERUSD_M.E00250","Month End USD per PKR","31-Aug-1977",".100931","USD","Normal",""
"Bank Floating Month End Exchange Rates  (USD per National Currency)","TS_GP_ER_FMEERUSD_M.E00250","Month End USD per PKR","31-Jul-1977",".100931","USD","Normal",""
"Bank Floating Month End Exchange Rates  (USD per National Currency)","TS_GP_ER_FMEERUSD_M.E00250","Month End USD per PKR","30-Jun-1977",".100931","USD","Normal",""
"Bank Floating Month End Exchange Rates  (USD per National Currency)","TS_GP_ER_FMEERUSD_M.E00250","Month End USD per PKR","31-May-1977",".100931","USD","Normal",""
"Bank Floating Month End Exchange Rates  (USD per National Currency)","TS_GP_ER_FMEERUSD_M.E00250","Month End USD per PKR","30-Apr-1977",".100931","USD","Normal",""
"Bank Floating Month End Exchange Rates  (USD per National Currency)","TS_GP_ER_FMEERUSD_M.E00250","Month End USD per PKR","31-Mar-1977",".100931","USD","Normal",""
"Bank Floating Month End Exchange Rates  (USD per National Currency)","TS_GP_ER_FMEERUSD_M.E00250","Month End USD per PKR","28-Feb-1977",".100931","USD","Normal",""
"Bank Floating Month End Exchange Rates  (USD per National Currency)","TS_GP_ER_FMEERUSD_M.E00250","Month End USD per PKR","31-Jan-1977",".100931","USD","Normal",""
"Bank Floating Month End Exchange Rates  (USD per National Currency)","TS_GP_ER_FMEERUSD_M.E00250","Month End USD per PKR","31-Dec-1976",".100931","USD","Normal",""
"Bank Floating Month End Exchange Rates  (USD per National Currency)","TS_GP_ER_FMEERUSD_M.E00250","Month End USD per PKR","30-Nov-1976",".100931","USD","Normal",""
"Bank Floating Month End Exchange Rates  (USD per National Currency)","TS_GP_ER_FMEERUSD_M.E00250","Month End USD per PKR","31-Oct-1976",".100931","USD","Normal",""
"Bank Floating Month End Exchange Rates  (USD per National Currency)","TS_GP_ER_FMEERUSD_M.E00250","Month End USD per PKR","30-Sep-1976",".100931","USD","Normal",""
"Bank Floating Month End Exchange Rates  (USD per National Currency)","TS_GP_ER_FMEERUSD_M.E00250","Month End USD per PKR","31-Aug-1976",".100931","USD","Normal",""
"Bank Floating Month End Exchange Rates  (USD per National Currency)","TS_GP_ER_FMEERUSD_M.E00250","Month End USD per PKR","31-Jul-1976",".100931","USD","Normal",""
"Bank Floating Month End Exchange Rates  (USD per National Currency)","TS_GP_ER_FMEERUSD_M.E00250","Month End USD per PKR","30-Jun-1976",".100931","USD","Normal",""
"Bank Floating Month End Exchange Rates  (USD per National Currency)","TS_GP_ER_FMEERUSD_M.E00250","Month End USD per PKR","31-May-1976",".100931","USD","Normal",""
"Bank Floating Month End Exchange Rates  (USD per National Currency)","TS_GP_ER_FMEERUSD_M.E00250","Month End USD per PKR","30-Apr-1976",".100931","USD","Normal",""
"Bank Floating Month End Exchange Rates  (USD per National Currency)","TS_GP_ER_FMEERUSD_M.E00250","Month End USD per PKR","31-Mar-1976",".100931","USD","Normal",""
"Bank Floating Month End Exchange Rates  (USD per National Currency)","TS_GP_ER_FMEERUSD_M.E00250","Month End USD per PKR","29-Feb-1976",".100931","USD","Normal",""
"Bank Floating Month End Exchange Rates  (USD per National Currency)","TS_GP_ER_FMEERUSD_M.E00250","Month End USD per PKR","31-Jan-1976",".100931","USD","Normal",""
"Bank Floating Month End Exchange Rates  (USD per National Currency)","TS_GP_ER_FMEERUSD_M.E00250","Month End USD per PKR","31-Dec-1975",".100931","USD","Normal",""
"Bank Floating Month End Exchange Rates  (USD per National Currency)","TS_GP_ER_FMEERUSD_M.E00250","Month End USD per PKR","30-Nov-1975",".100931","USD","Normal",""
"Bank Floating Month End Exchange Rates  (USD per National Currency)","TS_GP_ER_FMEERUSD_M.E00250","Month End USD per PKR","31-Oct-1975",".100931","USD","Normal",""
"Bank Floating Month End Exchange Rates  (USD per National Currency)","TS_GP_ER_FMEERUSD_M.E00250","Month End USD per PKR","30-Sep-1975",".100931","USD","Normal",""
"Bank Floating Month End Exchange Rates  (USD per National Currency)","TS_GP_ER_FMEERUSD_M.E00250","Month End USD per PKR","31-Aug-1975",".100931","USD","Normal",""
"Bank Floating Month End Exchange Rates  (USD per National Currency)","TS_GP_ER_FMEERUSD_M.E00250","Month End USD per PKR","31-Jul-1975",".100931","USD","Normal",""
"Bank Floating Month End Exchange Rates  (USD per National Currency)","TS_GP_ER_FMEERUSD_M.E00250","Month End USD per PKR","30-Jun-1975",".100931","USD","Normal",""
"Bank Floating Month End Exchange Rates  (USD per National Currency)","TS_GP_ER_FMEERUSD_M.E00250","Month End USD per PKR","31-May-1975",".100931","USD","Normal",""
"Bank Floating Month End Exchange Rates  (USD per National Currency)","TS_GP_ER_FMEERUSD_M.E00250","Month End USD per PKR","30-Apr-1975",".100931","USD","Normal",""
"Bank Floating Month End Exchange Rates  (USD per National Currency)","TS_GP_ER_FMEERUSD_M.E00250","Month End USD per PKR","31-Mar-1975",".100931","USD","Normal",""
"Bank Floating Month End Exchange Rates  (USD per National Currency)","TS_GP_ER_FMEERUSD_M.E00250","Month End USD per PKR","28-Feb-1975",".100931","USD","Normal",""
"Bank Floating Month End Exchange Rates  (USD per National Currency)","TS_GP_ER_FMEERUSD_M.E00250","Month End USD per PKR","31-Jan-1975",".100931","USD","Normal",""
"Bank Floating Month End Exchange Rates  (USD per National Currency)","TS_GP_ER_FMEERUSD_M.E00250","Month End USD per PKR","31-Dec-1974",".100931","USD","Normal",""
"Bank Floating Month End Exchange Rates  (USD per National Currency)","TS_GP_ER_FMEERUSD_M.E00250","Month End USD per PKR","30-Nov-1974",".100931","USD","Normal",""
"Bank Floating Month End Exchange Rates  (USD per National Currency)","TS_GP_ER_FMEERUSD_M.E00250","Month End USD per PKR","31-Oct-1974",".100931","USD","Normal",""
"Bank Floating Month End Exchange Rates  (USD per National Currency)","TS_GP_ER_FMEERUSD_M.E00250","Month End USD per PKR","30-Sep-1974",".100931","USD","Normal",""
"Bank Floating Month End Exchange Rates  (USD per National Currency)","TS_GP_ER_FMEERUSD_M.E00250","Month End USD per PKR","31-Aug-1974",".100931","USD","Normal",""
"Bank Floating Month End Exchange Rates  (USD per National Currency)","TS_GP_ER_FMEERUSD_M.E00250","Month End USD per PKR","31-Jul-1974",".100931","USD","Normal",""
"Bank Floating Month End Exchange Rates  (USD per National Currency)","TS_GP_ER_FMEERUSD_M.E00250","Month End USD per PKR","30-Jun-1974",".100931","USD","Normal",""
"Bank Floating Month End Exchange Rates  (USD per National Currency)","TS_GP_ER_FMEERUSD_M.E00250","Month End USD per PKR","31-May-1974",".100931","USD","Normal",""
"Bank Floating Month End Exchange Rates  (USD per National Currency)","TS_GP_ER_FMEERUSD_M.E00250","Month End USD per PKR","30-Apr-1974",".100931","USD","Normal",""
"Bank Floating Month End Exchange Rates  (USD per National Currency)","TS_GP_ER_FMEERUSD_M.E00250","Month End USD per PKR","31-Mar-1974",".100931","USD","Normal",""
"Bank Floating Month End Exchange Rates  (USD per National Currency)","TS_GP_ER_FMEERUSD_M.E00250","Month End USD per PKR","28-Feb-1974",".100931","USD","Normal",""
"Bank Floating Month End Exchange Rates  (USD per National Currency)","TS_GP_ER_FMEERUSD_M.E00250","Month End USD per PKR","31-Jan-1974",".100931","USD","Normal",""
"Bank Floating Month End Exchange Rates  (USD per National Currency)","TS_GP_ER_FMEERUSD_M.E00250","Month End USD per PKR","31-Dec-1973",".100931","USD","Normal",""
"Bank Floating Month End Exchange Rates  (USD per National Currency)","TS_GP_ER_FMEERUSD_M.E00250","Month End USD per PKR","30-Nov-1973",".100931","USD","Normal",""
"Bank Floating Month End Exchange Rates  (USD per National Currency)","TS_GP_ER_FMEERUSD_M.E00250","Month End USD per PKR","31-Oct-1973",".100931","USD","Normal",""
"Bank Floating Month End Exchange Rates  (USD per National Currency)","TS_GP_ER_FMEERUSD_M.E00250","Month End USD per PKR","30-Sep-1973",".100931","USD","Normal",""
"Bank Floating Month End Exchange Rates  (USD per National Currency)","TS_GP_ER_FMEERUSD_M.E00250","Month End USD per PKR","31-Aug-1973",".100931","USD","Normal",""
"Bank Floating Month End Exchange Rates  (USD per National Currency)","TS_GP_ER_FMEERUSD_M.E00250","Month End USD per PKR","31-Jul-1973",".100931","USD","Normal",""
"Bank Floating Month End Exchange Rates  (USD per National Currency)","TS_GP_ER_FMEERUSD_M.E00250","Month End USD per PKR","30-Jun-1973",".100931","USD","Normal",""
"Bank Floating Month End Exchange Rates  (USD per National Currency)","TS_GP_ER_FMEERUSD_M.E00250","Month End USD per PKR","31-May-1973",".100931","USD","Normal",""
"Bank Floating Month End Exchange Rates  (USD per National Currency)","TS_GP_ER_FMEERUSD_M.E00250","Month End USD per PKR","30-Apr-1973",".100931","USD","Normal",""
"Bank Floating Month End Exchange Rates  (USD per National Currency)","TS_GP_ER_FMEERUSD_M.E00250","Month End USD per PKR","31-Mar-1973",".100931","USD","Normal",""
"Bank Floating Month End Exchange Rates  (USD per National Currency)","TS_GP_ER_FMEERUSD_M.E00250","Month End USD per PKR","28-Feb-1973",".100931","USD","Normal",""
"Bank Floating Month End Exchange Rates  (USD per National Currency)","TS_GP_ER_FMEERUSD_M.E00250","Month End USD per PKR","31-Jan-1973",".090845","USD","Normal",""
"Bank Floating Month End Exchange Rates  (USD per National Currency)","TS_GP_ER_FMEERUSD_M.E00250","Month End USD per PKR","31-Dec-1972",".090845","USD","Normal",""
"Bank Floating Month End Exchange Rates  (USD per National Currency)","TS_GP_ER_FMEERUSD_M.E00250","Month End USD per PKR","30-Nov-1972",".090845","USD","Normal",""
"Bank Floating Month End Exchange Rates  (USD per National Currency)","TS_GP_ER_FMEERUSD_M.E00250","Month End USD per PKR","31-Oct-1972",".090845","USD","Normal",""
"Bank Floating Month End Exchange Rates  (USD per National Currency)","TS_GP_ER_FMEERUSD_M.E00250","Month End USD per PKR","30-Sep-1972",".090845","USD","Normal",""
"Bank Floating Month End Exchange Rates  (USD per National Currency)","TS_GP_ER_FMEERUSD_M.E00250","Month End USD per PKR","31-Aug-1972",".090845","USD","Normal",""
"Bank Floating Month End Exchange Rates  (USD per National Currency)","TS_GP_ER_FMEERUSD_M.E00250","Month End USD per PKR","31-Jul-1972",".090845","USD","Normal",""
"Bank Floating Month End Exchange Rates  (USD per National Currency)","TS_GP_ER_FMEERUSD_M.E00250","Month End USD per PKR","30-Jun-1972",".090845","USD","Normal",""
"Bank Floating Month End Exchange Rates  (USD per National Currency)","TS_GP_ER_FMEERUSD_M.E00250","Month End USD per PKR","31-May-1972",".090845","USD","Normal",""
"Bank Floating Month End Exchange Rates  (USD per National Currency)","TS_GP_ER_FMEERUSD_M.E00250","Month End USD per PKR","30-Apr-1972",".209657","USD","Normal",""
"Bank Floating Month End Exchange Rates  (USD per National Currency)","TS_GP_ER_FMEERUSD_M.E00250","Month End USD per PKR","31-Mar-1972",".209657","USD","Normal",""
"Bank Floating Month End Exchange Rates  (USD per National Currency)","TS_GP_ER_FMEERUSD_M.E00250","Month End USD per PKR","29-Feb-1972",".209657","USD","Normal",""
"Bank Floating Month End Exchange Rates  (USD per National Currency)","TS_GP_ER_FMEERUSD_M.E00250","Month End USD per PKR","31-Jan-1972",".209657","USD","Normal",""
"Bank Floating Month End Exchange Rates  (USD per National Currency)","TS_GP_ER_FMEERUSD_M.E00250","Month End USD per PKR","31-Dec-1971",".209657","USD","Normal",""
"Bank Floating Month End Exchange Rates  (USD per National Currency)","TS_GP_ER_FMEERUSD_M.E00250","Month End USD per PKR","30-Nov-1971",".209657","USD","Normal",""
"Bank Floating Month End Exchange Rates  (USD per National Currency)","TS_GP_ER_FMEERUSD_M.E00250","Month End USD per PKR","31-Oct-1971",".209657","USD","Normal",""
"Bank Floating Month End Exchange Rates  (USD per National Currency)","TS_GP_ER_FMEERUSD_M.E00250","Month End USD per PKR","30-Sep-1971",".209657","USD","Normal",""
"Bank Floating Month End Exchange Rates  (USD per National Currency)","TS_GP_ER_FMEERUSD_M.E00250","Month End USD per PKR","31-Aug-1971",".209657","USD","Normal",""
"Bank Floating Month End Exchange Rates  (USD per National Currency)","TS_GP_ER_FMEERUSD_M.E00250","Month End USD per PKR","31-Jul-1971",".209657","USD","Normal",""
"Bank Floating Month End Exchange Rates  (USD per National Currency)","TS_GP_ER_FMEERUSD_M.E00250","Month End USD per PKR","30-Jun-1971",".209657","USD","Normal",""
"Bank Floating Month End Exchange Rates  (USD per National Currency)","TS_GP_ER_FMEERUSD_M.E00250","Month End USD per PKR","31-May-1971",".209657","USD","Normal",""
"Bank Floating Month End Exchange Rates  (USD per National Currency)","TS_GP_ER_FMEERUSD_M.E00250","Month End USD per PKR","30-Apr-1971",".209657","USD","Normal",""
"Bank Floating Month End Exchange Rates  (USD per National Currency)","TS_GP_ER_FMEERUSD_M.E00250","Month End USD per PKR","31-Mar-1971",".209657","USD","Normal",""
"Bank Floating Month End Exchange Rates  (USD per National Currency)","TS_GP_ER_FMEERUSD_M.E00250","Month End USD per PKR","28-Feb-1971",".209657","USD","Normal",""
"Bank Floating Month End Exchange Rates  (USD per National Currency)","TS_GP_ER_FMEERUSD_M.E00250","Month End USD per PKR","31-Jan-1971",".209657","USD","Normal",""
"Bank Floating Month End Exchange Rates  (USD per National Currency)","TS_GP_ER_FMEERUSD_M.E00250","Month End USD per PKR","31-Dec-1970",".209657","USD","Normal",""
"Bank Floating Month End Exchange Rates  (USD per National Currency)","TS_GP_ER_FMEERUSD_M.E00250","Month End USD per PKR","30-Nov-1970",".209657","USD","Normal",""
"Bank Floating Month End Exchange Rates  (USD per National Currency)","TS_GP_ER_FMEERUSD_M.E00250","Month End USD per PKR","31-Oct-1970",".209657","USD","Normal",""
"Bank Floating Month End Exchange Rates  (USD per National Currency)","TS_GP_ER_FMEERUSD_M.E00250","Month End USD per PKR","30-Sep-1970",".209657","USD","Normal",""
"Bank Floating Month End Exchange Rates  (USD per National Currency)","TS_GP_ER_FMEERUSD_M.E00250","Month End USD per PKR","31-Aug-1970",".209657","USD","Normal",""
"Bank Floating Month End Exchange Rates  (USD per National Currency)","TS_GP_ER_FMEERUSD_M.E00250","Month End USD per PKR","31-Jul-1970",".209657","USD","Normal",""
"Bank Floating Month End Exchange Rates  (USD per National Currency)","TS_GP_ER_FMEERUSD_M.E00250","Month End USD per PKR","30-Jun-1970",".209657","USD","Normal",""
"Bank Floating Month End Exchange Rates  (USD per National Currency)","TS_GP_ER_FMEERUSD_M.E00250","Month End USD per PKR","31-May-1970",".209657","USD","Normal",""
"Bank Floating Month End Exchange Rates  (USD per National Currency)","TS_GP_ER_FMEERUSD_M.E00250","Month End USD per PKR","30-Apr-1970",".209657","USD","Normal",""
"Bank Floating Month End Exchange Rates  (USD per National Currency)","TS_GP_ER_FMEERUSD_M.E00250","Month End USD per PKR","31-Mar-1970",".209657","USD","Normal",""
"Bank Floating Month End Exchange Rates  (USD per National Currency)","TS_GP_ER_FMEERUSD_M.E00250","Month End USD per PKR","28-Feb-1970",".209657","USD","Normal",""
"Bank Floating Month End Exchange Rates  (USD per National Currency)","TS_GP_ER_FMEERUSD_M.E00250","Month End USD per PKR","31-Jan-1970",".209657","USD","Normal",""
"Bank Floating Month End Exchange Rates  (USD per National Currency)","TS_GP_ER_FMEERUSD_M.E00250","Month End USD per PKR","31-Dec-1969",".209657","USD","Normal",""
"Bank Floating Month End Exchange Rates  (USD per National Currency)","TS_GP_ER_FMEERUSD_M.E00250","Month End USD per PKR","30-Nov-1969",".209657","USD","Normal",""
"Bank Floating Month End Exchange Rates  (USD per National Currency)","TS_GP_ER_FMEERUSD_M.E00250","Month End USD per PKR","31-Oct-1969",".209657","USD","Normal",""
"Bank Floating Month End Exchange Rates  (USD per National Currency)","TS_GP_ER_FMEERUSD_M.E00250","Month End USD per PKR","30-Sep-1969",".209657","USD","Normal",""
"Bank Floating Month End Exchange Rates  (USD per National Currency)","TS_GP_ER_FMEERUSD_M.E00250","Month End USD per PKR","31-Aug-1969",".209657","USD","Normal",""
"Bank Floating Month End Exchange Rates  (USD per National Currency)","TS_GP_ER_FMEERUSD_M.E00250","Month End USD per PKR","31-Jul-1969",".209657","USD","Normal",""
"Bank Floating Month End Exchange Rates  (USD per National Currency)","TS_GP_ER_FMEERUSD_M.E00250","Month End USD per PKR","30-Jun-1969",".209657","USD","Normal",""
"Bank Floating Month End Exchange Rates  (USD per National Currency)","TS_GP_ER_FMEERUSD_M.E00250","Month End USD per PKR","31-May-1969",".209657","USD","Normal",""
"Bank Floating Month End Exchange Rates  (USD per National Currency)","TS_GP_ER_FMEERUSD_M.E00250","Month End USD per PKR","30-Apr-1969",".209657","USD","Normal",""
"Bank Floating Month End Exchange Rates  (USD per National Currency)","TS_GP_ER_FMEERUSD_M.E00250","Month End USD per PKR","31-Mar-1969",".209657","USD","Normal",""
"Bank Floating Month End Exchange Rates  (USD per National Currency)","TS_GP_ER_FMEERUSD_M.E00250","Month End USD per PKR","28-Feb-1969",".209657","USD","Normal",""
"Bank Floating Month End Exchange Rates  (USD per National Currency)","TS_GP_ER_FMEERUSD_M.E00250","Month End USD per PKR","31-Jan-1969",".209657","USD","Normal",""
"Bank Floating Month End Exchange Rates  (USD per National Currency)","TS_GP_ER_FMEERUSD_M.E00250","Month End USD per PKR","31-Dec-1968",".209657","USD","Normal",""
"Bank Floating Month End Exchange Rates  (USD per National Currency)","TS_GP_ER_FMEERUSD_M.E00250","Month End USD per PKR","30-Nov-1968",".209657","USD","Normal",""
"Bank Floating Month End Exchange Rates  (USD per National Currency)","TS_GP_ER_FMEERUSD_M.E00250","Month End USD per PKR","31-Oct-1968",".209657","USD","Normal",""
"Bank Floating Month End Exchange Rates  (USD per National Currency)","TS_GP_ER_FMEERUSD_M.E00250","Month End USD per PKR","30-Sep-1968",".209657","USD","Normal",""
"Bank Floating Month End Exchange Rates  (USD per National Currency)","TS_GP_ER_FMEERUSD_M.E00250","Month End USD per PKR","31-Aug-1968",".209657","USD","Normal",""
"Bank Floating Month End Exchange Rates  (USD per National Currency)","TS_GP_ER_FMEERUSD_M.E00250","Month End USD per PKR","31-Jul-1968",".209657","USD","Normal",""
"Bank Floating Month End Exchange Rates  (USD per National Currency)","TS_GP_ER_FMEERUSD_M.E00250","Month End USD per PKR","30-Jun-1968",".209657","USD","Normal",""
"Bank Floating Month End Exchange Rates  (USD per National Currency)","TS_GP_ER_FMEERUSD_M.E00250","Month End USD per PKR","31-May-1968",".209657","USD","Normal",""
"Bank Floating Month End Exchange Rates  (USD per National Currency)","TS_GP_ER_FMEERUSD_M.E00250","Month End USD per PKR","30-Apr-1968",".209657","USD","Normal",""
"Bank Floating Month End Exchange Rates  (USD per National Currency)","TS_GP_ER_FMEERUSD_M.E00250","Month End USD per PKR","31-Mar-1968",".209657","USD","Normal",""
"Bank Floating Month End Exchange Rates  (USD per National Currency)","TS_GP_ER_FMEERUSD_M.E00250","Month End USD per PKR","29-Feb-1968",".209657","USD","Normal",""
"Bank Floating Month End Exchange Rates  (USD per National Currency)","TS_GP_ER_FMEERUSD_M.E00250","Month End USD per PKR","31-Jan-1968",".209657","USD","Normal",""
"Bank Floating Month End Exchange Rates  (USD per National Currency)","TS_GP_ER_FMEERUSD_M.E00250","Month End USD per PKR","31-Dec-1967",".209657","USD","Normal",""
"Bank Floating Month End Exchange Rates  (USD per National Currency)","TS_GP_ER_FMEERUSD_M.E00250","Month End USD per PKR","30-Nov-1967",".209657","USD","Normal",""
"Bank Floating Month End Exchange Rates  (USD per National Currency)","TS_GP_ER_FMEERUSD_M.E00250","Month End USD per PKR","31-Oct-1967",".209657","USD","Normal",""
"Bank Floating Month End Exchange Rates  (USD per National Currency)","TS_GP_ER_FMEERUSD_M.E00250","Month End USD per PKR","30-Sep-1967",".209657","USD","Normal",""
"Bank Floating Month End Exchange Rates  (USD per National Currency)","TS_GP_ER_FMEERUSD_M.E00250","Month End USD per PKR","31-Aug-1967",".209657","USD","Normal",""
"Bank Floating Month End Exchange Rates  (USD per National Currency)","TS_GP_ER_FMEERUSD_M.E00250","Month End USD per PKR","31-Jul-1967",".209657","USD","Normal",""
"Bank Floating Month End Exchange Rates  (USD per National Currency)","TS_GP_ER_FMEERUSD_M.E00250","Month End USD per PKR","30-Jun-1967",".209657","USD","Normal",""
"Bank Floating Month End Exchange Rates  (USD per National Currency)","TS_GP_ER_FMEERUSD_M.E00250","Month End USD per PKR","31-May-1967",".209657","USD","Normal",""
"Bank Floating Month End Exchange Rates  (USD per National Currency)","TS_GP_ER_FMEERUSD_M.E00250","Month End USD per PKR","30-Apr-1967",".209657","USD","Normal",""
"Bank Floating Month End Exchange Rates  (USD per National Currency)","TS_GP_ER_FMEERUSD_M.E00250","Month End USD per PKR","31-Mar-1967",".209657","USD","Normal",""
"Bank Floating Month End Exchange Rates  (USD per National Currency)","TS_GP_ER_FMEERUSD_M.E00250","Month End USD per PKR","28-Feb-1967",".209657","USD","Normal",""
"Bank Floating Month End Exchange Rates  (USD per National Currency)","TS_GP_ER_FMEERUSD_M.E00250","Month End USD per PKR","31-Jan-1967",".209657","USD","Normal",""
"Bank Floating Month End Exchange Rates  (USD per National Currency)","TS_GP_ER_FMEERUSD_M.E00250","Month End USD per PKR","31-Dec-1966",".209657","USD","Normal",""
"Bank Floating Month End Exchange Rates  (USD per National Currency)","TS_GP_ER_FMEERUSD_M.E00250","Month End USD per PKR","30-Nov-1966",".209657","USD","Normal",""
"Bank Floating Month End Exchange Rates  (USD per National Currency)","TS_GP_ER_FMEERUSD_M.E00250","Month End USD per PKR","31-Oct-1966",".209657","USD","Normal",""
"Bank Floating Month End Exchange Rates  (USD per National Currency)","TS_GP_ER_FMEERUSD_M.E00250","Month End USD per PKR","30-Sep-1966",".209657","USD","Normal",""
"Bank Floating Month End Exchange Rates  (USD per National Currency)","TS_GP_ER_FMEERUSD_M.E00250","Month End USD per PKR","31-Aug-1966",".209657","USD","Normal",""
"Bank Floating Month End Exchange Rates  (USD per National Currency)","TS_GP_ER_FMEERUSD_M.E00250","Month End USD per PKR","31-Jul-1966",".209657","USD","Normal",""
"Bank Floating Month End Exchange Rates  (USD per National Currency)","TS_GP_ER_FMEERUSD_M.E00250","Month End USD per PKR","30-Jun-1966",".209657","USD","Normal",""
"Bank Floating Month End Exchange Rates  (USD per National Currency)","TS_GP_ER_FMEERUSD_M.E00250","Month End USD per PKR","31-May-1966",".209657","USD","Normal",""
"Bank Floating Month End Exchange Rates  (USD per National Currency)","TS_GP_ER_FMEERUSD_M.E00250","Month End USD per PKR","30-Apr-1966",".209657","USD","Normal",""
"Bank Floating Month End Exchange Rates  (USD per National Currency)","TS_GP_ER_FMEERUSD_M.E00250","Month End USD per PKR","31-Mar-1966",".209657","USD","Normal",""
"Bank Floating Month End Exchange Rates  (USD per National Currency)","TS_GP_ER_FMEERUSD_M.E00250","Month End USD per PKR","28-Feb-1966",".209657","USD","Normal",""
"Bank Floating Month End Exchange Rates  (USD per National Currency)","TS_GP_ER_FMEERUSD_M.E00250","Month End USD per PKR","31-Jan-1966",".209657","USD","Normal",""
"Bank Floating Month End Exchange Rates  (USD per National Currency)","TS_GP_ER_FMEERUSD_M.E00250","Month End USD per PKR","31-Dec-1965",".209657","USD","Normal",""
"Bank Floating Month End Exchange Rates  (USD per National Currency)","TS_GP_ER_FMEERUSD_M.E00250","Month End USD per PKR","30-Nov-1965",".209657","USD","Normal",""
"Bank Floating Month End Exchange Rates  (USD per National Currency)","TS_GP_ER_FMEERUSD_M.E00250","Month End USD per PKR","31-Oct-1965",".209657","USD","Normal",""
"Bank Floating Month End Exchange Rates  (USD per National Currency)","TS_GP_ER_FMEERUSD_M.E00250","Month End USD per PKR","30-Sep-1965",".209657","USD","Normal",""
"Bank Floating Month End Exchange Rates  (USD per National Currency)","TS_GP_ER_FMEERUSD_M.E00250","Month End USD per PKR","31-Aug-1965",".209657","USD","Normal",""
"Bank Floating Month End Exchange Rates  (USD per National Currency)","TS_GP_ER_FMEERUSD_M.E00250","Month End USD per PKR","31-Jul-1965",".209657","USD","Normal",""
"Bank Floating Month End Exchange Rates  (USD per National Currency)","TS_GP_ER_FMEERUSD_M.E00250","Month End USD per PKR","30-Jun-1965",".209657","USD","Normal",""
"Bank Floating Month End Exchange Rates  (USD per National Currency)","TS_GP_ER_FMEERUSD_M.E00250","Month End USD per PKR","31-May-1965",".209657","USD","Normal",""
"Bank Floating Month End Exchange Rates  (USD per National Currency)","TS_GP_ER_FMEERUSD_M.E00250","Month End USD per PKR","30-Apr-1965",".209657","USD","Normal",""
"Bank Floating Month End Exchange Rates  (USD per National Currency)","TS_GP_ER_FMEERUSD_M.E00250","Month End USD per PKR","31-Mar-1965",".209657","USD","Normal",""
"Bank Floating Month End Exchange Rates  (USD per National Currency)","TS_GP_ER_FMEERUSD_M.E00250","Month End USD per PKR","28-Feb-1965",".209657","USD","Normal",""
"Bank Floating Month End Exchange Rates  (USD per National Currency)","TS_GP_ER_FMEERUSD_M.E00250","Month End USD per PKR","31-Jan-1965",".209657","USD","Normal",""
"Bank Floating Month End Exchange Rates  (USD per National Currency)","TS_GP_ER_FMEERUSD_M.E00250","Month End USD per PKR","31-Dec-1964",".209657","USD","Normal",""
"Bank Floating Month End Exchange Rates  (USD per National Currency)","TS_GP_ER_FMEERUSD_M.E00250","Month End USD per PKR","30-Nov-1964",".209657","USD","Normal",""
"Bank Floating Month End Exchange Rates  (USD per National Currency)","TS_GP_ER_FMEERUSD_M.E00250","Month End USD per PKR","31-Oct-1964",".209657","USD","Normal",""
"Bank Floating Month End Exchange Rates  (USD per National Currency)","TS_GP_ER_FMEERUSD_M.E00250","Month End USD per PKR","30-Sep-1964",".209657","USD","Normal",""
"Bank Floating Month End Exchange Rates  (USD per National Currency)","TS_GP_ER_FMEERUSD_M.E00250","Month End USD per PKR","31-Aug-1964",".209657","USD","Normal",""
"Bank Floating Month End Exchange Rates  (USD per National Currency)","TS_GP_ER_FMEERUSD_M.E00250","Month End USD per PKR","31-Jul-1964",".209657","USD","Normal",""
"Bank Floating Month End Exchange Rates  (USD per National Currency)","TS_GP_ER_FMEERUSD_M.E00250","Month End USD per PKR","30-Jun-1964",".209657","USD","Normal",""
"Bank Floating Month End Exchange Rates  (USD per National Currency)","TS_GP_ER_FMEERUSD_M.E00250","Month End USD per PKR","31-May-1964",".209657","USD","Normal",""
"Bank Floating Month End Exchange Rates  (USD per National Currency)","TS_GP_ER_FMEERUSD_M.E00250","Month End USD per PKR","30-Apr-1964",".209657","USD","Normal",""
"Bank Floating Month End Exchange Rates  (USD per National Currency)","TS_GP_ER_FMEERUSD_M.E00250","Month End USD per PKR","31-Mar-1964",".209657","USD","Normal",""
"Bank Floating Month End Exchange Rates  (USD per National Currency)","TS_GP_ER_FMEERUSD_M.E00250","Month End USD per PKR","29-Feb-1964",".209657","USD","Normal",""
"Bank Floating Month End Exchange Rates  (USD per National Currency)","TS_GP_ER_FMEERUSD_M.E00250","Month End USD per PKR","31-Jan-1964",".209657","USD","Normal",""
"Bank Floating Month End Exchange Rates  (USD per National Currency)","TS_GP_ER_FMEERUSD_M.E00250","Month End USD per PKR","31-Dec-1963",".209657","USD","Normal",""
"Bank Floating Month End Exchange Rates  (USD per National Currency)","TS_GP_ER_FMEERUSD_M.E00250","Month End USD per PKR","30-Nov-1963",".209657","USD","Normal",""
"Bank Floating Month End Exchange Rates  (USD per National Currency)","TS_GP_ER_FMEERUSD_M.E00250","Month End USD per PKR","31-Oct-1963",".209657","USD","Normal",""
"Bank Floating Month End Exchange Rates  (USD per National Currency)","TS_GP_ER_FMEERUSD_M.E00250","Month End USD per PKR","30-Sep-1963",".209657","USD","Normal",""
"Bank Floating Month End Exchange Rates  (USD per National Currency)","TS_GP_ER_FMEERUSD_M.E00250","Month End USD per PKR","31-Aug-1963",".209657","USD","Normal",""
"Bank Floating Month End Exchange Rates  (USD per National Currency)","TS_GP_ER_FMEERUSD_M.E00250","Month End USD per PKR","31-Jul-1963",".209657","USD","Normal",""
"Bank Floating Month End Exchange Rates  (USD per National Currency)","TS_GP_ER_FMEERUSD_M.E00250","Month End USD per PKR","30-Jun-1963",".209657","USD","Normal",""
"Bank Floating Month End Exchange Rates  (USD per National Currency)","TS_GP_ER_FMEERUSD_M.E00250","Month End USD per PKR","31-May-1963",".209657","USD","Normal",""
"Bank Floating Month End Exchange Rates  (USD per National Currency)","TS_GP_ER_FMEERUSD_M.E00250","Month End USD per PKR","30-Apr-1963",".209657","USD","Normal",""
"Bank Floating Month End Exchange Rates  (USD per National Currency)","TS_GP_ER_FMEERUSD_M.E00250","Month End USD per PKR","31-Mar-1963",".209657","USD","Normal",""
"Bank Floating Month End Exchange Rates  (USD per National Currency)","TS_GP_ER_FMEERUSD_M.E00250","Month End USD per PKR","28-Feb-1963",".209657","USD","Normal",""
"Bank Floating Month End Exchange Rates  (USD per National Currency)","TS_GP_ER_FMEERUSD_M.E00250","Month End USD per PKR","31-Jan-1963",".209657","USD","Normal",""
"Bank Floating Month End Exchange Rates  (USD per National Currency)","TS_GP_ER_FMEERUSD_M.E00250","Month End USD per PKR","31-Dec-1962",".209657","USD","Normal",""
"Bank Floating Month End Exchange Rates  (USD per National Currency)","TS_GP_ER_FMEERUSD_M.E00250","Month End USD per PKR","30-Nov-1962",".209657","USD","Normal",""
"Bank Floating Month End Exchange Rates  (USD per National Currency)","TS_GP_ER_FMEERUSD_M.E00250","Month End USD per PKR","31-Oct-1962",".209657","USD","Normal",""
"Bank Floating Month End Exchange Rates  (USD per National Currency)","TS_GP_ER_FMEERUSD_M.E00250","Month End USD per PKR","30-Sep-1962",".209657","USD","Normal",""
"Bank Floating Month End Exchange Rates  (USD per National Currency)","TS_GP_ER_FMEERUSD_M.E00250","Month End USD per PKR","31-Aug-1962",".209657","USD","Normal",""
"Bank Floating Month End Exchange Rates  (USD per National Currency)","TS_GP_ER_FMEERUSD_M.E00250","Month End USD per PKR","31-Jul-1962",".209657","USD","Normal",""
"Bank Floating Month End Exchange Rates  (USD per National Currency)","TS_GP_ER_FMEERUSD_M.E00250","Month End USD per PKR","30-Jun-1962",".209657","USD","Normal",""
"Bank Floating Month End Exchange Rates  (USD per National Currency)","TS_GP_ER_FMEERUSD_M.E00250","Month End USD per PKR","31-May-1962",".209657","USD","Normal",""
"Bank Floating Month End Exchange Rates  (USD per National Currency)","TS_GP_ER_FMEERUSD_M.E00250","Month End USD per PKR","30-Apr-1962",".209657","USD","Normal",""
"Bank Floating Month End Exchange Rates  (USD per National Currency)","TS_GP_ER_FMEERUSD_M.E00250","Month End USD per PKR","31-Mar-1962",".209657","USD","Normal",""
"Bank Floating Month End Exchange Rates  (USD per National Currency)","TS_GP_ER_FMEERUSD_M.E00250","Month End USD per PKR","28-Feb-1962",".209657","USD","Normal",""
"Bank Floating Month End Exchange Rates  (USD per National Currency)","TS_GP_ER_FMEERUSD_M.E00250","Month End USD per PKR","31-Jan-1962",".209657","USD","Normal",""
"Bank Floating Month End Exchange Rates  (USD per National Currency)","TS_GP_ER_FMEERUSD_M.E00250","Month End USD per PKR","31-Dec-1961",".209657","USD","Normal",""
"Bank Floating Month End Exchange Rates  (USD per National Currency)","TS_GP_ER_FMEERUSD_M.E00250","Month End USD per PKR","30-Nov-1961",".209657","USD","Normal",""
"Bank Floating Month End Exchange Rates  (USD per National Currency)","TS_GP_ER_FMEERUSD_M.E00250","Month End USD per PKR","31-Oct-1961",".209657","USD","Normal",""
"Bank Floating Month End Exchange Rates  (USD per National Currency)","TS_GP_ER_FMEERUSD_M.E00250","Month End USD per PKR","30-Sep-1961",".209657","USD","Normal",""
"Bank Floating Month End Exchange Rates  (USD per National Currency)","TS_GP_ER_FMEERUSD_M.E00250","Month End USD per PKR","31-Aug-1961",".209657","USD","Normal",""
"Bank Floating Month End Exchange Rates  (USD per National Currency)","TS_GP_ER_FMEERUSD_M.E00250","Month End USD per PKR","31-Jul-1961",".209657","USD","Normal",""
"Bank Floating Month End Exchange Rates  (USD per National Currency)","TS_GP_ER_FMEERUSD_M.E00250","Month End USD per PKR","30-Jun-1961",".209657","USD","Normal",""
"Bank Floating Month End Exchange Rates  (USD per National Currency)","TS_GP_ER_FMEERUSD_M.E00250","Month End USD per PKR","31-May-1961",".209657","USD","Normal",""
"Bank Floating Month End Exchange Rates  (USD per National Currency)","TS_GP_ER_FMEERUSD_M.E00250","Month End USD per PKR","30-Apr-1961",".209657","USD","Normal",""
"Bank Floating Month End Exchange Rates  (USD per National Currency)","TS_GP_ER_FMEERUSD_M.E00250","Month End USD per PKR","31-Mar-1961",".209657","USD","Normal",""
"Bank Floating Month End Exchange Rates  (USD per National Currency)","TS_GP_ER_FMEERUSD_M.E00250","Month End USD per PKR","28-Feb-1961",".209657","USD","Normal",""
"Bank Floating Month End Exchange Rates  (USD per National Currency)","TS_GP_ER_FMEERUSD_M.E00250","Month End USD per PKR","31-Jan-1961",".209657","USD","Normal",""
"Bank Floating Month End Exchange Rates  (USD per National Currency)","TS_GP_ER_FMEERUSD_M.E00250","Month End USD per PKR","31-Dec-1960",".209657","USD","Normal",""
"Bank Floating Month End Exchange Rates  (USD per National Currency)","TS_GP_ER_FMEERUSD_M.E00250","Month End USD per PKR","30-Nov-1960",".209657","USD","Normal",""
"Bank Floating Month End Exchange Rates  (USD per National Currency)","TS_GP_ER_FMEERUSD_M.E00250","Month End USD per PKR","31-Oct-1960",".209657","USD","Normal",""
"Bank Floating Month End Exchange Rates  (USD per National Currency)","TS_GP_ER_FMEERUSD_M.E00250","Month End USD per PKR","30-Sep-1960",".209657","USD","Normal",""
"Bank Floating Month End Exchange Rates  (USD per National Currency)","TS_GP_ER_FMEERUSD_M.E00250","Month End USD per PKR","31-Aug-1960",".209657","USD","Normal",""
"Bank Floating Month End Exchange Rates  (USD per National Currency)","TS_GP_ER_FMEERUSD_M.E00250","Month End USD per PKR","31-Jul-1960",".209657","USD","Normal",""
"Bank Floating Month End Exchange Rates  (USD per National Currency)","TS_GP_ER_FMEERUSD_M.E00250","Month End USD per PKR","30-Jun-1960",".209657","USD","Normal",""
"Bank Floating Month End Exchange Rates  (USD per National Currency)","TS_GP_ER_FMEERUSD_M.E00250","Month End USD per PKR","31-May-1960",".209657","USD","Normal",""
"Bank Floating Month End Exchange Rates  (USD per National Currency)","TS_GP_ER_FMEERUSD_M.E00250","Month End USD per PKR","30-Apr-1960",".209657","USD","Normal",""
"Bank Floating Month End Exchange Rates  (USD per National Currency)","TS_GP_ER_FMEERUSD_M.E00250","Month End USD per PKR","31-Mar-1960",".209657","USD","Normal",""
"Bank Floating Month End Exchange Rates  (USD per National Currency)","TS_GP_ER_FMEERUSD_M.E00250","Month End USD per PKR","29-Feb-1960",".209657","USD","Normal",""
"Bank Floating Month End Exchange Rates  (USD per National Currency)","TS_GP_ER_FMEERUSD_M.E00250","Month End USD per PKR","31-Jan-1960",".209657","USD","Normal",""
"Bank Floating Month End Exchange Rates  (USD per National Currency)","TS_GP_ER_FMEERUSD_M.E00250","Month End USD per PKR","31-Dec-1959",".209657","USD","Normal",""
"Bank Floating Month End Exchange Rates  (USD per National Currency)","TS_GP_ER_FMEERUSD_M.E00250","Month End USD per PKR","30-Nov-1959",".209657","USD","Normal",""
"Bank Floating Month End Exchange Rates  (USD per National Currency)","TS_GP_ER_FMEERUSD_M.E00250","Month End USD per PKR","31-Oct-1959",".209657","USD","Normal",""
"Bank Floating Month End Exchange Rates  (USD per National Currency)","TS_GP_ER_FMEERUSD_M.E00250","Month End USD per PKR","30-Sep-1959",".209657","USD","Normal",""
"Bank Floating Month End Exchange Rates  (USD per National Currency)","TS_GP_ER_FMEERUSD_M.E00250","Month End USD per PKR","31-Aug-1959",".209657","USD","Normal",""
"Bank Floating Month End Exchange Rates  (USD per National Currency)","TS_GP_ER_FMEERUSD_M.E00250","Month End USD per PKR","31-Jul-1959",".209657","USD","Normal",""
"Bank Floating Month End Exchange Rates  (USD per National Currency)","TS_GP_ER_FMEERUSD_M.E00250","Month End USD per PKR","30-Jun-1959",".209657","USD","Normal",""
"Bank Floating Month End Exchange Rates  (USD per National Currency)","TS_GP_ER_FMEERUSD_M.E00250","Month End USD per PKR","31-May-1959",".209657","USD","Normal",""
"Bank Floating Month End Exchange Rates  (USD per National Currency)","TS_GP_ER_FMEERUSD_M.E00250","Month End USD per PKR","30-Apr-1959",".209657","USD","Normal",""
"Bank Floating Month End Exchange Rates  (USD per National Currency)","TS_GP_ER_FMEERUSD_M.E00250","Month End USD per PKR","31-Mar-1959",".209657","USD","Normal",""
"Bank Floating Month End Exchange Rates  (USD per National Currency)","TS_GP_ER_FMEERUSD_M.E00250","Month End USD per PKR","28-Feb-1959",".209657","USD","Normal",""
"Bank Floating Month End Exchange Rates  (USD per National Currency)","TS_GP_ER_FMEERUSD_M.E00250","Month End USD per PKR","31-Jan-1959",".209657","USD","Normal",""
"Bank Floating Month End Exchange Rates  (USD per National Currency)","TS_GP_ER_FMEERUSD_M.E00250","Month End USD per PKR","31-Dec-1958",".209657","USD","Normal",""
"Bank Floating Month End Exchange Rates  (USD per National Currency)","TS_GP_ER_FMEERUSD_M.E00250","Month End USD per PKR","30-Nov-1958",".209657","USD","Normal",""
"Bank Floating Month End Exchange Rates  (USD per National Currency)","TS_GP_ER_FMEERUSD_M.E00250","Month End USD per PKR","31-Oct-1958",".209657","USD","Normal",""
"Bank Floating Month End Exchange Rates  (USD per National Currency)","TS_GP_ER_FMEERUSD_M.E00250","Month End USD per PKR","30-Sep-1958",".209657","USD","Normal",""
"Bank Floating Month End Exchange Rates  (USD per National Currency)","TS_GP_ER_FMEERUSD_M.E00250","Month End USD per PKR","31-Aug-1958",".209657","USD","Normal",""
"Bank Floating Month End Exchange Rates  (USD per National Currency)","TS_GP_ER_FMEERUSD_M.E00250","Month End USD per PKR","31-Jul-1958",".209657","USD","Normal",""
"Bank Floating Month End Exchange Rates  (USD per National Currency)","TS_GP_ER_FMEERUSD_M.E00250","Month End USD per PKR","30-Jun-1958",".209657","USD","Normal",""
"Bank Floating Month End Exchange Rates  (USD per National Currency)","TS_GP_ER_FMEERUSD_M.E00250","Month End USD per PKR","31-May-1958",".209657","USD","Normal",""
"Bank Floating Month End Exchange Rates  (USD per National Currency)","TS_GP_ER_FMEERUSD_M.E00250","Month End USD per PKR","30-Apr-1958",".209657","USD","Normal",""
"Bank Floating Month End Exchange Rates  (USD per National Currency)","TS_GP_ER_FMEERUSD_M.E00250","Month End USD per PKR","31-Mar-1958",".209657","USD","Normal",""
"Bank Floating Month End Exchange Rates  (USD per National Currency)","TS_GP_ER_FMEERUSD_M.E00250","Month End USD per PKR","28-Feb-1958",".209657","USD","Normal",""
"Bank Floating Month End Exchange Rates  (USD per National Currency)","TS_GP_ER_FMEERUSD_M.E00250","Month End USD per PKR","31-Jan-1958",".209657","USD","Normal",""
"Bank Floating Month End Exchange Rates  (USD per National Currency)","TS_GP_ER_FMEERUSD_M.E00250","Month End USD per PKR","31-Dec-1957",".209657","USD","Normal",""
"Bank Floating Month End Exchange Rates  (USD per National Currency)","TS_GP_ER_FMEERUSD_M.E00250","Month End USD per PKR","30-Nov-1957",".209657","USD","Normal",""
"Bank Floating Month End Exchange Rates  (USD per National Currency)","TS_GP_ER_FMEERUSD_M.E00250","Month End USD per PKR","31-Oct-1957",".209657","USD","Normal",""
"Bank Floating Month End Exchange Rates  (USD per National Currency)","TS_GP_ER_FMEERUSD_M.E00250","Month End USD per PKR","30-Sep-1957",".209657","USD","Normal",""
"Bank Floating Month End Exchange Rates  (USD per National Currency)","TS_GP_ER_FMEERUSD_M.E00250","Month End USD per PKR","31-Aug-1957",".209657","USD","Normal",""
"Bank Floating Month End Exchange Rates  (USD per National Currency)","TS_GP_ER_FMEERUSD_M.E00250","Month End USD per PKR","31-Jul-1957",".209657","USD","Normal",""
"Bank Floating Month End Exchange Rates  (USD per National Currency)","TS_GP_ER_FMEERUSD_M.E00250","Month End USD per PKR","30-Jun-1957",".209657","USD","Normal",""
"Bank Floating Month End Exchange Rates  (USD per National Currency)","TS_GP_ER_FMEERUSD_M.E00250","Month End USD per PKR","31-May-1957",".209657","USD","Normal",""
"Bank Floating Month End Exchange Rates  (USD per National Currency)","TS_GP_ER_FMEERUSD_M.E00250","Month End USD per PKR","30-Apr-1957",".209657","USD","Normal",""
"Bank Floating Month End Exchange Rates  (USD per National Currency)","TS_GP_ER_FMEERUSD_M.E00250","Month End USD per PKR","31-Mar-1957",".209657","USD","Normal",""
"Bank Floating Month End Exchange Rates  (USD per National Currency)","TS_GP_ER_FMEERUSD_M.E00250","Month End USD per PKR","28-Feb-1957",".209657","USD","Normal",""
"Bank Floating Month End Exchange Rates  (USD per National Currency)","TS_GP_ER_FMEERUSD_M.E00250","Month End USD per PKR","31-Jan-1957",".209657","USD","Normal",""
"Bank Floating Month End Exchange Rates  (USD per National Currency)","TS_GP_ER_FMEERUSD_M.E00250","Month End USD per PKR","31-Dec-1956",".209657","USD","Normal",""
"Bank Floating Month End Exchange Rates  (USD per National Currency)","TS_GP_ER_FMEERUSD_M.E00250","Month End USD per PKR","30-Nov-1956",".209657","USD","Normal",""
"Bank Floating Month End Exchange Rates  (USD per National Currency)","TS_GP_ER_FMEERUSD_M.E00250","Month End USD per PKR","31-Oct-1956",".209657","USD","Normal",""
"Bank Floating Month End Exchange Rates  (USD per National Currency)","TS_GP_ER_FMEERUSD_M.E00250","Month End USD per PKR","30-Sep-1956",".209657","USD","Normal",""
"Bank Floating Month End Exchange Rates  (USD per National Currency)","TS_GP_ER_FMEERUSD_M.E00250","Month End USD per PKR","31-Aug-1956",".209657","USD","Normal",""
"Bank Floating Month End Exchange Rates  (USD per National Currency)","TS_GP_ER_FMEERUSD_M.E00250","Month End USD per PKR","31-Jul-1956",".209657","USD","Normal",""
"Bank Floating Month End Exchange Rates  (USD per National Currency)","TS_GP_ER_FMEERUSD_M.E00250","Month End USD per PKR","30-Jun-1956",".209657","USD","Normal",""
"Bank Floating Month End Exchange Rates  (USD per National Currency)","TS_GP_ER_FMEERUSD_M.E00250","Month End USD per PKR","31-May-1956",".209657","USD","Normal",""
"Bank Floating Month End Exchange Rates  (USD per National Currency)","TS_GP_ER_FMEERUSD_M.E00250","Month End USD per PKR","30-Apr-1956",".209657","USD","Normal",""
"Bank Floating Month End Exchange Rates  (USD per National Currency)","TS_GP_ER_FMEERUSD_M.E00250","Month End USD per PKR","31-Mar-1956",".209657","USD","Normal",""
"Bank Floating Month End Exchange Rates  (USD per National Currency)","TS_GP_ER_FMEERUSD_M.E00250","Month End USD per PKR","29-Feb-1956",".209657","USD","Normal",""
"Bank Floating Month End Exchange Rates  (USD per National Currency)","TS_GP_ER_FMEERUSD_M.E00250","Month End USD per PKR","31-Jan-1956",".209657","USD","Normal",""
"Bank Floating Month End Exchange Rates  (USD per National Currency)","TS_GP_ER_FMEERUSD_M.E00250","Month End USD per PKR","31-Dec-1955",".209657","USD","Normal",""
"Bank Floating Month End Exchange Rates  (USD per National Currency)","TS_GP_ER_FMEERUSD_M.E00250","Month End USD per PKR","30-Nov-1955",".209657","USD","Normal",""
"Bank Floating Month End Exchange Rates  (USD per National Currency)","TS_GP_ER_FMEERUSD_M.E00250","Month End USD per PKR","31-Oct-1955",".209657","USD","Normal",""
"Bank Floating Month End Exchange Rates  (USD per National Currency)","TS_GP_ER_FMEERUSD_M.E00250","Month End USD per PKR","30-Sep-1955",".209657","USD","Normal",""
"Bank Floating Month End Exchange Rates  (USD per National Currency)","TS_GP_ER_FMEERUSD_M.E00250","Month End USD per PKR","31-Aug-1955",".209657","USD","Normal",""
"Bank Floating Month End Exchange Rates  (USD per National Currency)","TS_GP_ER_FMEERUSD_M.E00250","Month End USD per PKR","31-Jul-1955",".30225","USD","Normal",""
"Bank Floating Month End Exchange Rates  (USD per National Currency)","TS_GP_ER_FMEERUSD_M.E00250","Month End USD per PKR","30-Jun-1955",".30225","USD","Normal",""
"Bank Floating Month End Exchange Rates  (USD per National Currency)","TS_GP_ER_FMEERUSD_M.E00250","Month End USD per PKR","31-May-1955",".30225","USD","Normal",""
"Bank Floating Month End Exchange Rates  (USD per National Currency)","TS_GP_ER_FMEERUSD_M.E00250","Month End USD per PKR","30-Apr-1955",".30225","USD","Normal",""
"Bank Floating Month End Exchange Rates  (USD per National Currency)","TS_GP_ER_FMEERUSD_M.E00250","Month End USD per PKR","31-Mar-1955",".30225","USD","Normal",""
"Bank Floating Month End Exchange Rates  (USD per National Currency)","TS_GP_ER_FMEERUSD_M.E00250","Month End USD per PKR","28-Feb-1955",".30225","USD","Normal",""
"Bank Floating Month End Exchange Rates  (USD per National Currency)","TS_GP_ER_FMEERUSD_M.E00250","Month End USD per PKR","31-Jan-1955",".30225","USD","Normal",""
"Bank Floating Month End Exchange Rates  (USD per National Currency)","TS_GP_ER_FMEERUSD_M.E00250","Month End USD per PKR","31-Dec-1954",".30225","USD","Normal",""
"Bank Floating Month End Exchange Rates  (USD per National Currency)","TS_GP_ER_FMEERUSD_M.E00250","Month End USD per PKR","30-Nov-1954",".30225","USD","Normal",""
"Bank Floating Month End Exchange Rates  (USD per National Currency)","TS_GP_ER_FMEERUSD_M.E00250","Month End USD per PKR","31-Oct-1954",".30225","USD","Normal",""
"Bank Floating Month End Exchange Rates  (USD per National Currency)","TS_GP_ER_FMEERUSD_M.E00250","Month End USD per PKR","30-Sep-1954",".30225","USD","Normal",""
"Bank Floating Month End Exchange Rates  (USD per National Currency)","TS_GP_ER_FMEERUSD_M.E00250","Month End USD per PKR","31-Aug-1954",".30225","USD","Normal",""
"Bank Floating Month End Exchange Rates  (USD per National Currency)","TS_GP_ER_FMEERUSD_M.E00250","Month End USD per PKR","31-Jul-1954",".30225","USD","Normal",""
"Bank Floating Month End Exchange Rates  (USD per National Currency)","TS_GP_ER_FMEERUSD_M.E00250","Month End USD per PKR","30-Jun-1954",".30225","USD","Normal",""
"Bank Floating Month End Exchange Rates  (USD per National Currency)","TS_GP_ER_FMEERUSD_M.E00250","Month End USD per PKR","31-May-1954",".30225","USD","Normal",""
"Bank Floating Month End Exchange Rates  (USD per National Currency)","TS_GP_ER_FMEERUSD_M.E00250","Month End USD per PKR","30-Apr-1954",".30225","USD","Normal",""
"Bank Floating Month End Exchange Rates  (USD per National Currency)","TS_GP_ER_FMEERUSD_M.E00250","Month End USD per PKR","31-Mar-1954",".30225","USD","Normal",""
"Bank Floating Month End Exchange Rates  (USD per National Currency)","TS_GP_ER_FMEERUSD_M.E00250","Month End USD per PKR","28-Feb-1954",".30225","USD","Normal",""
"Bank Floating Month End Exchange Rates  (USD per National Currency)","TS_GP_ER_FMEERUSD_M.E00250","Month End USD per PKR","31-Jan-1954",".30225","USD","Normal",""
"Bank Floating Month End Exchange Rates  (USD per National Currency)","TS_GP_ER_FMEERUSD_M.E00250","Month End USD per PKR","31-Dec-1953",".30225","USD","Normal",""
"Bank Floating Month End Exchange Rates  (USD per National Currency)","TS_GP_ER_FMEERUSD_M.E00250","Month End USD per PKR","30-Nov-1953",".30225","USD","Normal",""
"Bank Floating Month End Exchange Rates  (USD per National Currency)","TS_GP_ER_FMEERUSD_M.E00250","Month End USD per PKR","31-Oct-1953",".30225","USD","Normal",""
"Bank Floating Month End Exchange Rates  (USD per National Currency)","TS_GP_ER_FMEERUSD_M.E00250","Month End USD per PKR","30-Sep-1953",".30225","USD","Normal",""
"Bank Floating Month End Exchange Rates  (USD per National Currency)","TS_GP_ER_FMEERUSD_M.E00250","Month End USD per PKR","31-Aug-1953",".30225","USD","Normal",""
"Bank Floating Month End Exchange Rates  (USD per National Currency)","TS_GP_ER_FMEERUSD_M.E00250","Month End USD per PKR","31-Jul-1953",".30225","USD","Normal",""
"Bank Floating Month End Exchange Rates  (USD per National Currency)","TS_GP_ER_FMEERUSD_M.E00250","Month End USD per PKR","30-Jun-1953",".30225","USD","Normal",""
"Bank Floating Month End Exchange Rates  (USD per National Currency)","TS_GP_ER_FMEERUSD_M.E00250","Month End USD per PKR","31-May-1953",".30225","USD","Normal",""
"Bank Floating Month End Exchange Rates  (USD per National Currency)","TS_GP_ER_FMEERUSD_M.E00250","Month End USD per PKR","30-Apr-1953",".30225","USD","Normal",""
"Bank Floating Month End Exchange Rates  (USD per National Currency)","TS_GP_ER_FMEERUSD_M.E00250","Month End USD per PKR","31-Mar-1953",".30225","USD","Normal",""
"Bank Floating Month End Exchange Rates  (USD per National Currency)","TS_GP_ER_FMEERUSD_M.E00250","Month End USD per PKR","28-Feb-1953",".30225","USD","Normal",""
"Bank Floating Month End Exchange Rates  (USD per National Currency)","TS_GP_ER_FMEERUSD_M.E00250","Month End USD per PKR","31-Jan-1953",".30225","USD","Normal",""
"Bank Floating Month End Exchange Rates  (USD per National Currency)","TS_GP_ER_FMEERUSD_M.E00250","Month End USD per PKR","31-Dec-1952",".30225","USD","Normal",""
"Bank Floating Month End Exchange Rates  (USD per National Currency)","TS_GP_ER_FMEERUSD_M.E00250","Month End USD per PKR","30-Nov-1952",".30225","USD","Normal",""
"Bank Floating Month End Exchange Rates  (USD per National Currency)","TS_GP_ER_FMEERUSD_M.E00250","Month End USD per PKR","31-Oct-1952",".30225","USD","Normal",""
"Bank Floating Month End Exchange Rates  (USD per National Currency)","TS_GP_ER_FMEERUSD_M.E00250","Month End USD per PKR","30-Sep-1952",".30225","USD","Normal",""
"Bank Floating Month End Exchange Rates  (USD per National Currency)","TS_GP_ER_FMEERUSD_M.E00250","Month End USD per PKR","31-Aug-1952",".30225","USD","Normal",""
"Bank Floating Month End Exchange Rates  (USD per National Currency)","TS_GP_ER_FMEERUSD_M.E00250","Month End USD per PKR","31-Jul-1952",".30225","USD","Normal",""
"Bank Floating Month End Exchange Rates  (USD per National Currency)","TS_GP_ER_FMEERUSD_M.E00250","Month End USD per PKR","30-Jun-1952",".30225","USD","Normal",""
"Bank Floating Month End Exchange Rates  (USD per National Currency)","TS_GP_ER_FMEERUSD_M.E00250","Month End USD per PKR","31-May-1952",".30225","USD","Normal",""
"Bank Floating Month End Exchange Rates  (USD per National Currency)","TS_GP_ER_FMEERUSD_M.E00250","Month End USD per PKR","30-Apr-1952",".30225","USD","Normal",""
"Bank Floating Month End Exchange Rates  (USD per National Currency)","TS_GP_ER_FMEERUSD_M.E00250","Month End USD per PKR","31-Mar-1952",".30225","USD","Normal",""
"Bank Floating Month End Exchange Rates  (USD per National Currency)","TS_GP_ER_FMEERUSD_M.E00250","Month End USD per PKR","29-Feb-1952",".30225","USD","Normal",""
"Bank Floating Month End Exchange Rates  (USD per National Currency)","TS_GP_ER_FMEERUSD_M.E00250","Month End USD per PKR","31-Jan-1952",".30225","USD","Normal",""
"Bank Floating Month End Exchange Rates  (USD per National Currency)","TS_GP_ER_FMEERUSD_M.E00250","Month End USD per PKR","31-Dec-1951",".30225","USD","Normal",""
"Bank Floating Month End Exchange Rates  (USD per National Currency)","TS_GP_ER_FMEERUSD_M.E00250","Month End USD per PKR","30-Nov-1951",".30225","USD","Normal",""
"Bank Floating Month End Exchange Rates  (USD per National Currency)","TS_GP_ER_FMEERUSD_M.E00250","Month End USD per PKR","31-Oct-1951",".30225","USD","Normal",""
"Bank Floating Month End Exchange Rates  (USD per National Currency)","TS_GP_ER_FMEERUSD_M.E00250","Month End USD per PKR","30-Sep-1951",".30225","USD","Normal",""
"Bank Floating Month End Exchange Rates  (USD per National Currency)","TS_GP_ER_FMEERUSD_M.E00250","Month End USD per PKR","31-Aug-1951",".30225","USD","Normal",""
"Bank Floating Month End Exchange Rates  (USD per National Currency)","TS_GP_ER_FMEERUSD_M.E00250","Month End USD per PKR","31-Jul-1951",".30225","USD","Normal",""
"Bank Floating Month End Exchange Rates  (USD per National Currency)","TS_GP_ER_FMEERUSD_M.E00250","Month End USD per PKR","30-Jun-1951",".30225","USD","Normal",""
"Bank Floating Month End Exchange Rates  (USD per National Currency)","TS_GP_ER_FMEERUSD_M.E00250","Month End USD per PKR","31-May-1951",".30225","USD","Normal",""
"Bank Floating Month End Exchange Rates  (USD per National Currency)","TS_GP_ER_FMEERUSD_M.E00250","Month End USD per PKR","30-Apr-1951",".30225","USD","Normal",""
"Bank Floating Month End Exchange Rates  (USD per National Currency)","TS_GP_ER_FMEERUSD_M.E00250","Month End USD per PKR","31-Mar-1951",".30225","USD","Normal",""
"Bank Floating Month End Exchange Rates  (USD per National Currency)","TS_GP_ER_FMEERUSD_M.E00250","Month End USD per PKR","28-Feb-1951",".30225","USD","Normal",""
"Bank Floating Month End Exchange Rates  (USD per National Currency)","TS_GP_ER_FMEERUSD_M.E00250","Month End USD per PKR","31-Jan-1951",".30225","USD","Normal",""
"Bank Floating Month End Exchange Rates  (USD per National Currency)","TS_GP_ER_FMEERUSD_M.E00250","Month End USD per PKR","31-Dec-1950",".30225","USD","Normal",""
"Bank Floating Month End Exchange Rates  (USD per National Currency)","TS_GP_ER_FMEERUSD_M.E00250","Month End USD per PKR","30-Nov-1950",".30225","USD","Normal",""
"Bank Floating Month End Exchange Rates  (USD per National Currency)","TS_GP_ER_FMEERUSD_M.E00250","Month End USD per PKR","31-Oct-1950",".30225","USD","Normal",""
"Bank Floating Month End Exchange Rates  (USD per National Currency)","TS_GP_ER_FMEERUSD_M.E00250","Month End USD per PKR","30-Sep-1950",".30225","USD","Normal",""
"Bank Floating Month End Exchange Rates  (USD per National Currency)","TS_GP_ER_FMEERUSD_M.E00250","Month End USD per PKR","31-Aug-1950",".30225","USD","Normal",""
"Bank Floating Month End Exchange Rates  (USD per National Currency)","TS_GP_ER_FMEERUSD_M.E00250","Month End USD per PKR","31-Jul-1950",".30225","USD","Normal",""
"Bank Floating Month End Exchange Rates  (USD per National Currency)","TS_GP_ER_FMEERUSD_M.E00250","Month End USD per PKR","30-Jun-1950",".30225","USD","Normal",""
"Bank Floating Month End Exchange Rates  (USD per National Currency)","TS_GP_ER_FMEERUSD_M.E00250","Month End USD per PKR","31-May-1950",".30225","USD","Normal",""
"Bank Floating Month End Exchange Rates  (USD per National Currency)","TS_GP_ER_FMEERUSD_M.E00250","Month End USD per PKR","30-Apr-1950",".30225","USD","Normal",""
"Bank Floating Month End Exchange Rates  (USD per National Currency)","TS_GP_ER_FMEERUSD_M.E00250","Month End USD per PKR","31-Mar-1950",".30225","USD","Normal",""
"Bank Floating Month End Exchange Rates  (USD per National Currency)","TS_GP_ER_FMEERUSD_M.E00250","Month End USD per PKR","28-Feb-1950",".30225","USD","Normal",""
"Bank Floating Month End Exchange Rates  (USD per National Currency)","TS_GP_ER_FMEERUSD_M.E00250","Month End USD per PKR","31-Jan-1950",".30225","USD","Normal",""
"Bank Floating Month End Exchange Rates  (USD per National Currency)","TS_GP_ER_FMEERUSD_M.E00250","Month End USD per PKR","31-Dec-1949",".30225","USD","Normal",""
"Bank Floating Month End Exchange Rates  (USD per National Currency)","TS_GP_ER_FMEERUSD_M.E00250","Month End USD per PKR","30-Nov-1949",".30225","USD","Normal",""
"Bank Floating Month End Exchange Rates  (USD per National Currency)","TS_GP_ER_FMEERUSD_M.E00250","Month End USD per PKR","31-Oct-1949",".30225","USD","Normal",""
"Bank Floating Month End Exchange Rates  (USD per National Currency)","TS_GP_ER_FMEERUSD_M.E00250","Month End USD per PKR","30-Sep-1949",".30225","USD","Normal",""
"Bank Floating Month End Exchange Rates  (USD per National Currency)","TS_GP_ER_FMEERUSD_M.E00250","Month End USD per PKR","31-Aug-1949",".30225","USD","Normal",""
"Bank Floating Month End Exchange Rates  (USD per National Currency)","TS_GP_ER_FMEERUSD_M.E00250","Month End USD per PKR","31-Jul-1949",".30225","USD","Normal",""
"Bank Floating Month End Exchange Rates  (USD per National Currency)","TS_GP_ER_FMEERUSD_M.E00250","Month End USD per PKR","30-Jun-1949",".30225","USD","Normal",""
"Bank Floating Month End Exchange Rates  (USD per National Currency)","TS_GP_ER_FMEERUSD_M.E00250","Month End USD per PKR","31-May-1949",".30225","USD","Normal",""
"Bank Floating Month End Exchange Rates  (USD per National Currency)","TS_GP_ER_FMEERUSD_M.E00250","Month End USD per PKR","30-Apr-1949",".30225","USD","Normal",""
"Bank Floating Month End Exchange Rates  (USD per National Currency)","TS_GP_ER_FMEERUSD_M.E00250","Month End USD per PKR","31-Mar-1949",".30225","USD","Normal",""
"Bank Floating Month End Exchange Rates  (USD per National Currency)","TS_GP_ER_FMEERUSD_M.E00250","Month End USD per PKR","28-Feb-1949",".30225","USD","Normal",""
"Bank Floating Month End Exchange Rates  (USD per National Currency)","TS_GP_ER_FMEERUSD_M.E00250","Month End USD per PKR","31-Jan-1949",".30225","USD","Normal",""
"Bank Floating Month End Exchange Rates  (USD per National Currency)","TS_GP_ER_FMEERUSD_M.E00250","Month End USD per PKR","31-Dec-1948",".30225","USD","Normal",""
"Bank Floating Month End Exchange Rates  (USD per National Currency)","TS_GP_ER_FMEERUSD_M.E00250","Month End USD per PKR","30-Nov-1948",".30225","USD","Normal",""
"Bank Floating Month End Exchange Rates  (USD per National Currency)","TS_GP_ER_FMEERUSD_M.E00250","Month End USD per PKR","31-Oct-1948",".30225","USD","Normal",""
"Bank Floating Month End Exchange Rates  (USD per National Currency)","TS_GP_ER_FMEERUSD_M.E00250","Month End USD per PKR","30-Sep-1948",".30225","USD","Normal",""
"Bank Floating Month End Exchange Rates  (USD per National Currency)","TS_GP_ER_FMEERUSD_M.E00250","Month End USD per PKR","31-Aug-1948",".30225","USD","Normal",""
"Bank Floating Month End Exchange Rates  (USD per National Currency)","TS_GP_ER_FMEERUSD_M.E00250","Month End USD per PKR","31-Jul-1948",".30225","USD","Normal",""
"Bank Floating Month End Exchange Rates  (USD per National Currency)","TS_GP_ER_FMEERUSD_M.E00250","Month End USD per PKR","30-Jun-1948",".30225","USD","Normal",""
"Bank Floating Month End Exchange Rates  (USD per National Currency)","TS_GP_ER_FMEERUSD_M.E00250","Month End USD per PKR","31-May-1948",".30225","USD","Normal",""
"Bank Floating Month End Exchange Rates  (USD per National Currency)","TS_GP_ER_FMEERUSD_M.E00250","Month End USD per PKR","30-Apr-1948",".30225","USD","Normal",""
"Bank Floating Month End Exchange Rates  (USD per National Currency)","TS_GP_ER_FMEERUSD_M.E00250","Month End USD per PKR","31-Mar-1948",".30225","USD","Normal",""
"Bank Floating Month End Exchange Rates  (USD per National Currency)","TS_GP_ER_FMEERUSD_M.E00250","Month End USD per PKR","29-Feb-1948",".30225","USD","Normal",""
"Bank Floating Month End Exchange Rates  (USD per National Currency)","TS_GP_ER_FMEERUSD_M.E00250","Month End USD per PKR","31-Jan-1948",".30225","USD","Normal",""
"Bank Floating Month End Exchange Rates  (USD per National Currency)","TS_GP_ER_FMEERUSD_M.E00250","Month End USD per PKR","31-Dec-1947",".30225","USD","Normal",""
"Bank Floating Month End Exchange Rates  (USD per National Currency)","TS_GP_ER_FMEERUSD_M.E00250","Month End USD per PKR","30-Nov-1947",".30225","USD","Normal",""
"Bank Floating Month End Exchange Rates  (USD per National Currency)","TS_GP_ER_FMEERUSD_M.E00250","Month End USD per PKR","31-Oct-1947",".30225","USD","Normal",""
"Bank Floating Month End Exchange Rates  (USD per National Currency)","TS_GP_ER_FMEERUSD_M.E00250","Month End USD per PKR","30-Sep-1947",".30225","USD","Normal",""
"Bank Floating Month End Exchange Rates  (USD per National Currency)","TS_GP_ER_FMEERUSD_M.E00250","Month End USD per PKR","31-Aug-1947",".30225","USD","Normal",""
